problem,method,rho,dial,dial_name,faces_D,feasibility,objective,solved_frac,status,n_capped,master_time_s,test_time_s,test_time_per_point_s,objective_sense,coherent,matched_bank,seed,cp_alpha,phase,note
gastric,cp,0.5,10.0,tau,True,0.8911458333333333,11.301505295950882,0.9510354510354512,optimal,0,3.9476611614227295,5.7449352741241455,0.1584809730792867,max,False,False,42,,dial,
gastric,cp,0.5,3.0,tau,True,0.8911458333333333,11.301505295950882,0.9510354510354512,optimal,0,3.756294548511505,6.285367727279663,0.1733894545456459,max,False,False,42,,dial,
gastric,cp,0.5,1.0,tau,True,0.8911458333333333,11.301505295950882,0.9510354510354512,optimal,0,3.6844659447669983,6.215554058551788,0.1714635602359114,max,False,False,42,,dial,
gastric,cp,0.5,0.3,tau,True,0.8911458333333333,11.301505295950882,0.9510354510354512,optimal,0,3.7450090050697327,6.2897865772247314,0.1735113538544753,max,False,False,42,,dial,
gastric,cp,0.5,0.1,tau,True,0.881006952866036,11.05210807927812,0.9247981747981748,coverage_cap|optimal,0,9.563809096813202,6.605400621891022,0.1822179481900971,max,False,False,42,,dial,
gastric,cp,0.5,0.03,tau,True,0.9736842105263158,10.784377248888688,0.8211945711945712,coverage_cap,0,68.51817148923874,9.472316682338716,0.2613052877886542,max,False,False,42,,dial,
gastric,cp,0.5,0.01,tau,True,0.96875,10.663361822371773,0.7357259857259857,coverage_cap,0,245.76515781879425,15.451769828796388,0.4262557194150727,max,False,False,42,,dial,
gastric,cp,0.5,0.003,tau,True,0.96875,10.472198140844013,0.6716391716391716,coverage_cap,0,395.4825779795647,16.991742491722107,0.4687377239095753,max,False,False,42,,dial,
gastric,cp,0.5,0.001,tau,True,0.9696969696969696,10.42854448560412,0.6775915525915526,coverage_cap,0,429.58949106931686,16.65274703502655,0.4593861251041807,max,False,False,42,,dial,
gastric,cp,0.5,0.0003,tau,True,0.9696969696969696,10.407333351412989,0.6708347958347959,coverage_cap,0,468.7821078300476,17.415570855140686,0.4804295408314672,max,False,False,42,,dial,
gastric,cp,0.5,0.0001,tau,True,0.9696969696969696,10.407333351412989,0.6708347958347959,coverage_cap,0,472.0869787335396,17.515655755996704,0.4831905036137022,max,False,False,42,,dial,
gastric,wrapper,0.5,0.95,alpha,True,0.8578635157945502,11.21752813424884,0.7067684567684568,optimal,0,7.31097948551178,30.8333141207695,0.8505741826419173,max,False,False,42,,dial,
gastric,wrapper,0.5,0.9,alpha,True,0.8578635157945502,11.196554917224502,0.7067684567684568,optimal,0,7.897262632846832,31.3203644156456,0.8640100528453959,max,False,False,42,,dial,
gastric,wrapper,0.5,0.8,alpha,True,0.8578635157945502,11.191032977454622,0.7067684567684568,optimal,0,11.691341817378998,31.24821299314499,0.8620196687764135,max,False,False,42,,dial,
gastric,wrapper,0.5,0.7,alpha,True,0.8692271521581867,11.153854936512738,0.7067684567684568,optimal,0,6.832125306129456,32.48801910877228,0.896221216793718,max,False,False,42,,dial,
gastric,wrapper,0.5,0.6,alpha,True,0.8692271521581867,11.139382463899889,0.7067684567684568,optimal,0,10.872439444065094,33.85916167497635,0.9340458393096924,max,False,False,42,,dial,
gastric,wrapper,0.5,0.5,alpha,True,0.8875881015536189,11.015780529661564,0.6991926991926992,optimal,0,8.784141421318054,40.70082604885101,1.1227814082441658,max,False,False,42,,dial,
gastric,wrapper,0.5,0.4,alpha,True,0.8992970822281168,11.021805469767378,0.6916169416169416,optimal,0,10.89576131105423,40.629871249198914,1.1208240344606597,max,False,False,42,,dial,
gastric,wrapper,0.5,0.3,alpha,True,0.8967970822281167,11.004926288573987,0.6916169416169416,optimal,0,12.92067039012909,41.17133867740631,1.1357610669629328,max,False,False,42,,dial,
gastric,wrapper,0.5,0.2,alpha,True,0.9410714285714286,10.879815703047624,0.6789078039078039,optimal,0,19.30994027853012,45.40422874689102,1.2525304481900972,max,False,False,42,,dial,
gastric,wrapper,0.5,0.15,alpha,True,0.9495833333333332,10.830071762037871,0.6434860184860185,optimal,0,16.185815036296844,47.32459217309952,1.3055059909820557,max,False,False,42,,dial,
gastric,wrapper,0.5,0.1,alpha,True,0.9344607843137256,10.825803400604617,0.6215777465777466,optimal,0,21.283932387828827,49.74739742279053,1.3723419978700837,max,False,False,42,,dial,
gastric,wrapper,0.5,0.05,alpha,True,0.9529166666666666,10.744774992897398,0.5929127179127179,optimal,0,14.837564766407011,45.54094010591507,1.2563017960252434,max,False,False,42,,dial,
gastric,wrapper,0.5,0.0,alpha,True,0.9545454545454546,10.407502382017157,0.5455715455715455,optimal,0,17.731074929237366,38.751917362213135,1.0690184099920863,max,False,False,42,,dial,
gastric,cp,1.0,10.0,tau,True,0.8911458333333333,11.301505295950882,0.9510354510354512,optimal,0,3.991840660572052,6.471880495548248,0.1785346343599516,max,False,False,42,,dial,
gastric,cp,1.0,3.0,tau,True,0.8911458333333333,11.301505295950882,0.9510354510354512,optimal,0,3.821892499923706,6.323492109775543,0.1744411616489805,max,False,False,42,,dial,
gastric,cp,1.0,1.0,tau,True,0.8911458333333333,11.301505295950882,0.9510354510354512,optimal,0,3.847069919109345,6.228412687778473,0.1718182810421647,max,False,False,42,,dial,
gastric,cp,1.0,0.3,tau,True,0.8466540203400603,10.624392887419098,0.9291271791271792,coverage_cap|optimal,0,7.434449553489685,6.944997549057007,0.1915861392843312,max,False,False,42,,dial,
gastric,cp,1.0,0.1,tau,True,0.9375,9.840606464476128,0.8701591201591201,coverage_cap,0,49.014628887176514,10.09365028142929,0.2784455250049459,max,False,False,42,,dial,
gastric,cp,1.0,0.03,tau,True,0.968358395989975,9.578364589658843,0.763045513045513,coverage_cap,0,305.70446240901947,17.515672862529755,0.4831909755180621,max,False,False,42,,dial,
gastric,cp,1.0,0.01,tau,True,0.9802631578947368,9.500214743650314,0.7276237276237276,coverage_cap,0,603.6479345560074,25.2696345448494,0.6970933667544661,max,False,False,42,,dial,
gastric,cp,1.0,0.003,tau,True,0.984375,9.43075176639027,0.6329413829413829,coverage_cap,0,860.4412869811058,26.75741070508957,0.7381354677266088,max,False,False,42,,dial,
gastric,cp,1.0,0.001,tau,True,0.984375,9.331888260068114,0.6253656253656253,coverage_cap,0,1008.834435582161,30.42690724134445,0.8393629583819159,max,False,False,42,,dial,
gastric,cp,1.0,0.0003,tau,True,0.984375,9.298187809658296,0.6329413829413829,coverage_cap,0,1023.301304936409,29.83962202072144,0.8231619867785224,max,False,False,42,,dial,
gastric,cp,1.0,0.0001,tau,True,0.984375,9.297587712519793,0.6329413829413829,coverage_cap,0,1031.5095562934875,28.941438734531403,0.7983845168146594,max,False,False,42,,dial,
gastric,wrapper,1.0,0.95,alpha,True,0.8189256958822175,11.237697868229924,0.6645752895752897,optimal,0,6.815499424934387,28.109329342842106,0.7754297749749546,max,False,False,42,,dial,
gastric,wrapper,1.0,0.9,alpha,True,0.8407118807118807,11.249894293978508,0.656999531999532,optimal,0,6.862515568733215,27.709677159786224,0.7644048871665166,max,False,False,42,,dial,
gastric,wrapper,1.0,0.8,alpha,True,0.8726984126984126,11.222075013256754,0.6494237744237744,optimal,0,6.900676071643829,29.82143986225128,0.8226604099931388,max,False,False,42,,dial,
gastric,wrapper,1.0,0.7,alpha,True,0.8726984126984126,11.108672589605977,0.6494237744237744,optimal,0,11.111843466758728,30.6459236741066,0.8454047910098372,max,False,False,42,,dial,
gastric,wrapper,1.0,0.6,alpha,True,0.9026124338624338,10.901127495774986,0.6434713934713934,optimal,0,9.31271243095398,35.89727985858917,0.99026978920246,max,False,False,42,,dial,
gastric,wrapper,1.0,0.5,alpha,True,0.9192763157894736,10.870025028308,0.6148063648063649,optimal,0,8.356710195541382,37.8305299282074,1.0436008256057212,max,False,False,42,,dial,
gastric,wrapper,1.0,0.4,alpha,True,0.9297549019607844,10.888094992363524,0.592079092079092,optimal,0,13.743268072605131,39.97041469812393,1.1026321296034187,max,False,False,42,,dial,
gastric,wrapper,1.0,0.3,alpha,True,0.9417613636363636,10.775712079978122,0.5642330642330642,optimal,0,13.277845084667206,42.63475549221039,1.1761311859920107,max,False,False,42,,dial,
gastric,wrapper,1.0,0.2,alpha,True,0.96875,10.627756170988972,0.5052650052650052,optimal,0,11.326092541217804,47.40991419553757,1.307859701945864,max,False,False,42,,dial,
gastric,wrapper,1.0,0.15,alpha,True,0.9782608695652174,10.525880245120629,0.469009594009594,optimal,0,14.110592186450958,53.05713456869125,1.4636450915501036,max,False,False,42,,dial,
gastric,wrapper,1.0,0.1,alpha,True,0.9772727272727272,10.555234064498418,0.4335731835731835,optimal,0,17.306101202964783,50.78375375270844,1.40093113800575,max,False,False,42,,dial,
gastric,wrapper,1.0,0.05,alpha,True,0.9875,9.976781931762904,0.3432490932490932,optimal,0,17.998797595500946,47.3466357588768,1.3061140899000496,max,False,False,42,,dial,
gastric,wrapper,1.0,0.0,alpha,True,1.0,9.551926167441373,0.2629285129285129,optimal,0,19.684003055095676,35.95306867361069,0.9918087909961568,max,False,False,42,,dial,
gastric,nominal,,0.0,none,False,0.8911458333333333,11.302147218982885,0.9510354510354512,optimal,0,0.3097859025001526,5.9423728585243225,0.1639275271317054,max,False,False,42,,reference,no dial
gastric,margin,,0.0,margin,False,0.8911458333333333,11.302147218982885,0.9510354510354512,optimal,0,0.4698934555053711,5.555300295352936,0.153249663320081,max,False,False,42,,dial,
gastric,margin,,0.1,margin,False,0.8993341727716727,11.19182788526136,0.929931554931555,optimal,0,0.4394732713699341,5.688522040843964,0.1569247459543162,max,False,False,42,,dial,
gastric,margin,,0.2,margin,False,0.9306223290598292,10.974085279495563,0.9223557973557974,optimal,0,0.5113446712493896,5.790575563907623,0.1597400155560723,max,False,False,42,,dial,
gastric,margin,,0.3,margin,False,0.9281536172161172,10.681606589921408,0.8777202527202528,optimal,0,0.4954055547714233,5.681199312210083,0.1567227396471747,max,False,False,42,,dial,
gastric,margin,,0.4,margin,False,0.9544642857142858,10.21535839860687,0.8328214578214578,optimal,0,0.6374916434288025,5.890844523906708,0.1625060558319092,max,False,False,42,,dial,
gastric,margin,,0.5,margin,False,0.9615942028985508,9.852660515016348,0.6488826488826489,optimal,0,0.6967549920082092,5.643011689186096,0.1556692879775474,max,False,False,42,,dial,
gastric,margin,,0.625,margin,False,0.9852941176470588,9.39975386955228,0.418992043992044,optimal,0,0.6597052812576294,4.097816109657288,0.1130432030250286,max,False,False,42,,dial,
gastric,margin,,0.75,margin,False,1.0,8.78250046992688,0.2028782028782028,optimal,0,0.90158873796463,2.4715495109558105,0.0681806761642982,max,False,False,42,,dial,
gastric,margin,,0.875,margin,False,1.0,9.697425681603876,0.0059523809523809,optimal,0,1.784472405910492,0.955281674861908,0.026352597927225,max,False,False,42,,dial,
gastric,margin,,1.0,margin,False,,,0.0,optimal,0,1.4504616856575012,0.4368438720703125,0.0120508654364224,max,False,False,42,,dial,
gastric,margin,,1.25,margin,False,,,0.0,infeasible,0,1.6569976806640625,0.1041262745857238,0.0028724489540889,max,False,False,42,,dial,
gastric,margin,,1.5,margin,False,,,0.0,infeasible,0,0.4624837040901184,0.0656448602676391,0.0018108926970383,max,False,False,42,,dial,
gastric,margin,,1.75,margin,False,,,0.0,infeasible,0,0.3460758328437805,0.0501301884651184,0.0013829017507618,max,False,False,42,,dial,
gastric,margin,,2.0,margin,False,,,0.0,infeasible,0,0.324450671672821,0.0472026467323303,0.0013021419788229,max,False,False,42,,dial,
gastric,margin,,2.5,margin,False,,,0.0,infeasible,0,0.3322240114212036,0.0437328219413757,0.0012064226742448,max,False,False,42,,dial,
gastric,margin,,3.0,margin,False,,,0.0,infeasible,0,0.330432116985321,0.0431638360023498,0.0011907265104096,max,False,False,42,,dial,
gastric,margin,,4.0,margin,False,,,0.0,infeasible,0,0.3153139948844909,0.0428448915481567,0.0011819280427077,max,False,False,42,,dial,
gastric,margin,,5.0,margin,False,,,0.0,infeasible,0,0.3181226849555969,0.0428599715232849,0.0011823440420216,max,False,False,42,,dial,
gastric,cmicl,,1.0,alpha,False,0.7027296347470864,11.13660382992136,0.9426553176553176,optimal,0,2.143427073955536,343.2990714907646,9.470319213538334,max,False,False,42,,dial,
gastric,cmicl,,0.95,alpha,False,0.7027296347470864,11.12508531565826,0.9426553176553176,optimal,0,3.0490106344223022,326.192567050457,8.998415642771228,max,False,False,42,,dial,
gastric,cmicl,,0.9,alpha,False,0.7428774179983179,11.095439100031834,0.9426553176553176,optimal,0,2.13470596075058,398.8698071241379,11.003305024114148,max,False,False,42,,dial,
gastric,cmicl,,0.8,alpha,False,0.8003234635948575,10.867006338330558,0.9426553176553176,optimal,0,4.469634294509888,627.3315022587776,17.305696614035245,max,False,False,42,,dial,
gastric,cmicl,,0.7,alpha,False,0.8439927274526294,10.378934184715105,0.9131712881712882,optimal,0,5.029216408729553,4362.14486515522,120.33503076290262,max,False,False,42,,dial,
gastric,cmicl,,0.6,alpha,False,0.91878078817734,9.781394321174814,0.8928863928863928,optimal,0,12.975501835346222,4566.414675533772,125.97006001472474,max,False,False,42,,dial,
gastric,cmicl,,0.1,alpha,False,0.8888888888888888,8.867709463321022,0.08112495612495613,not_solved,0,0.4293093681335449,1829.4554158449173,50.46773560951496,max,False,False,42,,dial,protocol point
gastric,cmicl,,0.5,alpha,False,0.9420866489832007,9.440892051785777,0.8347227097227097,not_solved,0,0.4010220170021057,986.544541478157,27.215021833880193,max,False,False,42,,dial,
gastric,cmicl,,0.4,alpha,False,0.974712643678161,9.049803121867235,0.765999765999766,not_solved,0,0.32134079933166504,1232.2818444371223,33.99398191550682,max,False,False,42,,dial,
gastric,cmicl,,0.3,alpha,False,0.9795833333333334,8.858717649766053,0.635076635076635,not_solved,0,0.315269410610199,1543.5715339183807,42.58128369430016,max,False,False,42,,dial,
gastric,cp,1.0,0.1,tau,True,0.9375,9.84123391904987,0.8701591201591201,coverage_cap,0,48.28126257658005,9.492363095283508,0.261858292283683,max,False,False,42,0.0,cp_alpha_ablation,tau*=0.1
gastric,cp,1.0,0.1,tau,True,0.99,9.471506883297153,0.6529191529191529,coverage_cap|optimal,0,74.27812665700912,13.921830177307129,0.38405048764985183,max,False,False,42,0.1,cp_alpha_ablation,tau*=0.1
gastric,cp,1.0,0.1,tau,True,0.9802631578947368,9.35382053217702,0.5826605826605826,coverage_cap|optimal,0,54.78349161148071,15.640273749828339,0.4314558275814714,max,False,False,42,0.2,cp_alpha_ablation,tau*=0.1
gastric,cp,1.0,0.1,tau,True,1.0,9.329884049842427,0.4985228735228735,coverage_cap|optimal,0,55.95343071222305,15.440465688705444,0.4259438810677364,max,False,False,42,0.3,cp_alpha_ablation,tau*=0.1
