feature,dlt,blood,constitutional,infection,gi,os
Pub_Year,0.018363869,0.04064185,0.029671922,0.01090469,0.008220112416538332,0.26683435409580025
Asia,0.002670173,0.00040094167,0.015806332,0.0,0.0,0.21310132195760137
N_Patient,0.009249195,0.025130093,0.010215815,0.008785009,0.0014485935164357698,0.0
FRAC_MALE,0.025691396,0.009211298,0.026373228,0.017503442,0.01865802548808278,0.0
AGE_MED,0.024957731,0.017395532,0.016746562,0.016583763,0.02702351919868034,0.005129439551684001
Prior_Palliative_Chemo,0.006534378,0.00458261,0.0035734419,0.0037202016,0.020587848793179382,0.3227749290447808
Primary_Stomach,0.0122295115,0.009058231,0.04397638,0.004245387,0.013125820951346812,0.0
Primary_GEJ,0.008525897,0.004227509,0.010809722,0.0043552895,0.0,0.0
ECOG_MEAN,0.0067891874,0.017017875,0.031540442,0.0054302593,0.0,0.25329223693164477
Caelyx_Ind,0.0,0.0,0.0,0.0,0.0,0.012731934231903936
Capecitabine_Ind,0.0,0.00032299545,0.0,0.00093134475,0.0,0.0
Carboplatin_Ind,0.0,0.00035280298,0.0,0.0,0.0,0.0
Carmustine_Ind,0.0,0.0,0.0,0.0,0.0,0.0
Cisplatin_Ind,0.013578613,0.01701029,0.0,0.004238314,0.0,0.37002895519279755
Docetaxel_Ind,0.017785445,0.01707897,0.0,0.018215574,0.011927395769155757,0.28474669667105934
Doxifluridine_Ind,0.0014365267,0.0018424714,0.0009913843,0.0,0.0,0.0
Doxorubicin_Ind,0.0052914694,0.005830451,0.003804278,0.0009425616,0.0,0.0
Epirubicin_Ind,0.0,0.002306094,0.0019899406,0.0033679653,0.0,0.12324262514518938
Erlotinib_Ind,0.0,0.0,0.0,0.0,0.0010698830489608018,0.007475970110978794
Etoposide_Ind,0.0,0.0,0.0,0.003066977,0.0,0.0
Fluorouracil_Ind,0.0,0.0,0.00037081403,0.00043480875,0.0,0.0
Gemcitabine_Ind,0.0,0.0,0.0,0.0004042345,0.000591460153000624,0.0
Heptaplatin_Ind,0.0,0.0,0.0,0.0,0.003994933445463259,0.0
Irinotecan_Ind,0.0039307903,0.0035782985,0.0,0.0,0.0,0.23906719928187686
Leucovorin_Ind,0.0,0.0,0.0,0.0051622144,0.0,0.4948329586641022
Levoleucovorin_Ind,0.0,0.0,0.0,0.0,0.0,0.0
Methotrexate_Ind,0.0,0.0,0.000381664,0.0,0.0,0.0
Mitomycin_Ind,0.0030115836,0.0007113217,0.0031825409,0.00027069208,0.0,0.0
Mitoxantrone_Ind,0.0,0.0,0.0,0.0,0.00169282206594644,0.03407200529409426
Oxaliplatin_Ind,0.00050613453,0.0023273171,0.0051395786,0.002254733,0.0025424497150254577,0.0
Paclitaxel_Ind,0.0,0.00078852894,0.0,0.0021829703,0.0,0.4085238624191091
Pemetrexed_Ind,0.0,0.0,0.0,0.0,4.269652754014423e-09,0.0019662217321345186
S-1_Ind,0.0,0.0007936527,0.0,0.0,0.0,0.3452723018703396
Triazinate_Ind,0.0,0.0,0.0,0.0,0.00011216055731896471,0.0
Trimetrexate_Ind,0.0,0.0017294653,0.0,0.0,5.26615843823916e-05,0.0
UFT_Ind,0.0,0.0,0.0,0.0,0.0,0.0
Vinorelbine_Ind,0.0,0.0,0.0012297712,0.0,0.0,0.015075151763927652
Caelyx_Avg,0.0,0.0,0.0,0.0,0.0,0.0
Capecitabine_Avg,0.003762734,0.0007806978,0.0013785831,0.00028847452,0.0,0.1447942184937455
Carboplatin_Avg,0.0,0.0,0.0,0.0,0.0,0.0
Carmustine_Avg,0.0,0.0,0.0,0.0,0.0,0.006241030641424569
Cisplatin_Avg,0.009196578,0.010005438,0.0057244617,0.0021941937,0.0,0.0
Docetaxel_Avg,0.011022102,0.011473404,0.0052062455,0.008427023,0.0,0.0
Doxifluridine_Avg,0.0012794298,0.0,0.0018857382,0.0,0.0,0.0
Doxorubicin_Avg,0.0,0.001438631,0.00061674835,0.0,0.00451592227821883,0.0
Epirubicin_Avg,0.002618703,0.0014239699,0.0,0.0024330392,0.0,0.0
Erlotinib_Avg,0.0,0.0001467174,0.00042083213,0.0,7.666363731645123e-05,0.00038460011522275584
Etoposide_Avg,0.0,0.0022642855,0.0028153344,0.0016152002,0.0002924694519408344,0.0
Fluorouracil_Avg,0.00763579,0.005353777,0.0028881067,0.0079130735,0.01712511066832083,0.016863097175084656
Gemcitabine_Avg,0.0,0.00078179146,0.0,0.0,0.0,0.0
Heptaplatin_Avg,0.0,0.0,0.0,0.0,0.0,0.0
Irinotecan_Avg,0.018172983,0.010619928,0.0052602096,0.0052280314,0.04201026424303985,0.0
Leucovorin_Avg,0.0082133,0.0067839706,0.0039898236,0.0028146708,0.0,0.0
Levoleucovorin_Avg,0.0,0.0,0.0,0.0,0.001205133621637129,0.010810429293583482
Methotrexate_Avg,0.0019380683,0.0021120368,0.0,0.0,0.0,0.0
Mitomycin_Avg,0.0031895458,0.0028119076,0.001830503,0.001250447,0.0095421423838867,0.0
Mitoxantrone_Avg,0.0,0.00073791965,0.0,0.0004146685,0.0,0.0
Oxaliplatin_Avg,0.0,0.0,0.00041784192,0.00045258965,0.0,0.03145357378041475
Paclitaxel_Avg,0.0027247854,0.0025250781,0.005545034,0.0034460158,0.0,0.0
Pemetrexed_Avg,0.0,0.0,0.0,0.0,1.552066517813574e-07,0.0001636346798165574
S-1_Avg,0.0016820036,0.0025519268,0.0,0.0021241861,0.0,0.0
Triazinate_Avg,0.00035186578,0.0,0.0,0.0,0.001875657025287363,0.0
Trimetrexate_Avg,0.0,0.0005815065,0.0,0.0,0.00014858229914526823,0.0
UFT_Avg,0.0014432017,0.0,0.0055480427,0.0,0.0,0.0
Vinorelbine_Avg,0.0,0.0,0.0002359031,0.0,0.0,0.0
Caelyx_Inst,0.00041896282,0.0,0.0,0.0,0.0,0.0
Capecitabine_Inst,0.00018753053,0.0012069042,0.0010908095,0.0,0.0,0.0
Carboplatin_Inst,0.0,0.0,0.0,0.00018863821,0.002928953400761819,0.0
Carmustine_Inst,0.0,0.0,0.0,0.0,0.0,0.0
Cisplatin_Inst,0.024591807,0.021062087,0.028606445,0.0056331186,0.05880771134709724,0.009360477899489506
Docetaxel_Inst,0.02589739,0.019152923,0.0009920173,0.017180342,0.0,0.12710036171727424
Doxifluridine_Inst,0.0,0.00042036898,0.0,0.00012378351,0.0,0.0
Doxorubicin_Inst,0.0,0.0045509296,0.00027508615,0.0011052379,0.0,0.0
Epirubicin_Inst,0.0,0.002091521,0.0,0.00070653495,0.008982341198831775,0.0
Erlotinib_Inst,0.0,0.0,0.0,0.0,2.492059379336023e-05,0.00043462648806174106
Etoposide_Inst,0.0,0.0015095841,0.0,0.0009338592,0.0,0.0
Fluorouracil_Inst,0.0075107976,0.005826046,0.003934241,0.010558843,0.008414113714344366,0.16784110865288884
Gemcitabine_Inst,0.0,0.0,0.0,0.0,0.0,0.0
Heptaplatin_Inst,0.0,0.0,0.0,0.0,0.0,0.0
Irinotecan_Inst,0.0,0.0005029556,0.0014984732,0.006031549,0.0,0.0
Leucovorin_Inst,0.004937192,0.00072272023,0.006493221,0.0056350674,0.0,0.0
Levoleucovorin_Inst,0.0,0.0,0.0,0.0,0.0,0.0
Methotrexate_Inst,0.0011705146,0.0047098,0.0,0.0,0.0018170736510568109,0.0
Mitomycin_Inst,0.0,0.0018962534,0.0,0.0017607845,0.010760560110744732,0.0
Mitoxantrone_Inst,0.0,0.0,0.0,0.0,0.0,0.0
Oxaliplatin_Inst,0.0,0.0,0.0026569555,0.00067159825,0.0,0.10273831606060738
Paclitaxel_Inst,0.0,0.0010738438,0.0,0.0015014746,0.018167486611005465,0.0
Pemetrexed_Inst,0.0,0.0,0.0,0.0,1.2076819853074152e-05,0.0
S-1_Inst,0.0,0.0,0.0,0.0028583289,2.9402933838250682e-05,0.0
Triazinate_Inst,0.00036286897,0.0,0.0,0.00020316569,0.0,0.0
Trimetrexate_Inst,0.0,0.0,0.0,0.0,0.00029695025339793163,0.0
UFT_Inst,0.0,0.0,0.0,0.0,0.011876768151448206,0.0
Vinorelbine_Inst,0.0,9.669889e-05,0.0,0.0,0.0,0.0
