scheme,instance,method,alpha,status,objective,f_true,feasible,covered_at_xstar,slack,x0,x1,x2,x3,x4
unit,0,cmicl,0.1,optimal,970.1885826517973,50.36841137935499,1,1,0.36841137935523705,938.8275603894672,1192.2585113635316,997.18,1.1875859821205246,11.875859821205246
unit,0,nominal,0.1,optimal,921.3857259514136,45.86636386646076,0,0,-0.6284582092811632,874.7516656512848,1166.3355542017132,997.18,1.0654520818344917,10.65452081834492
unit,1,cmicl,0.1,optimal,2319.376529932558,50.368411379354924,1,1,0.36841137935521573,938.8275603894666,1192.2585113635316,997.18,1.1875859821205237,11.875859821205239
unit,1,nominal,0.1,optimal,2223.31128864137,45.20043216819367,0,0,-0.8437290439166887,1010.7107405452084,928.093896793476,997.18,1.0435331527914724,10.435331527914727
unit,2,cmicl,0.1,optimal,1620.1138319170652,50.50005827331609,1,1,0.5000582733163768,923.0467632922113,1230.7290177229484,997.18,1.1849843612501387,11.849843612501388
unit,2,nominal,0.1,optimal,1579.65957500189,45.86636386646076,0,0,-0.6284582092811632,874.7516656512848,1166.3355542017132,997.18,1.0654520818344917,10.65452081834492
unit,3,cmicl,0.1,optimal,1591.6648494888627,51.78635915580985,1,1,1.786359155810132,1096.898,988.7745238213182,997.18,1.2293868639200165,12.29386863920017
unit,3,nominal,0.1,optimal,1458.8801398467624,45.84933948344606,0,1,0.30675073437299005,1096.898,835.9138447418359,997.18,1.0441272099272523,10.441272099272524
unit,4,cmicl,0.1,optimal,830.8966010760139,48.479572560381214,0,0,-1.520427439618544,1096.898,996.855101146614,997.18,1.0597111268437096,10.597111268437096
unit,4,nominal,0.1,optimal,810.7883075540046,45.849339483446066,0,1,0.30675073437299005,1096.898,835.9138447418358,997.18,1.0441272099272532,10.441272099272531
unit,5,cmicl,0.1,optimal,2393.779761653469,51.78635915580985,1,1,1.786359155810132,1096.898,988.7745238213182,997.18,1.2293868639200165,12.29386863920017
unit,5,nominal,0.1,optimal,2240.0135318085026,45.84933948344606,0,1,0.30675073437299005,1096.898,835.9138447418359,997.18,1.0441272099272523,10.441272099272524
unit,6,cmicl,0.1,optimal,1251.8390391182434,50.36841137935497,1,1,0.36841137935525836,938.8275603894666,1192.2585113635314,997.18,1.1875859821205237,11.875859821205239
unit,6,nominal,0.1,optimal,1196.9144515548514,45.86636386646075,0,0,-0.6284582092812059,874.7516656512853,1166.3355542017136,997.18,1.0654520818344917,10.654520818344928
unit,7,cmicl,0.1,optimal,1713.211785034389,51.78635915580985,1,1,1.786359155810132,1096.898,988.7745238213182,997.18,1.2293868639200165,12.29386863920017
unit,7,nominal,0.1,optimal,1638.1107714405318,45.84933948344606,0,1,0.30675073437299005,1096.898,835.9138447418359,997.18,1.0441272099272523,10.441272099272524
unit,8,cmicl,0.1,optimal,1517.9956928342554,50.36841137935497,1,1,0.36841137935525836,938.8275603894666,1192.2585113635314,997.18,1.1875859821205237,11.875859821205239
unit,8,nominal,0.1,optimal,1472.5110311485948,45.86636386646075,0,0,-0.6284582092812059,874.7516656512853,1166.3355542017136,997.18,1.0654520818344917,10.654520818344928
unit,9,cmicl,0.1,optimal,1732.7303177585748,50.50005827331609,1,1,0.5000582733163768,923.0467632922113,1230.7290177229484,997.18,1.1849843612501387,11.849843612501388
unit,9,nominal,0.1,optimal,1674.101645713892,45.86636386646076,0,0,-0.6284582092811632,874.7516656512848,1166.3355542017132,997.18,1.0654520818344917,10.65452081834492
unit,10,cmicl,0.1,optimal,1899.1923466559026,50.50005827331609,1,1,0.5000582733163768,923.0467632922113,1230.7290177229484,997.18,1.1849843612501387,11.849843612501388
unit,10,nominal,0.1,optimal,1845.3567603925876,45.86636386646076,0,0,-0.6284582092811632,874.7516656512848,1166.3355542017132,997.18,1.0654520818344917,10.65452081834492
unit,11,cmicl,0.1,optimal,1405.1270668834704,51.78635915580985,1,1,1.786359155810132,1096.898,988.7745238213182,997.18,1.2293868639200165,12.29386863920017
unit,11,nominal,0.1,optimal,1336.1487823030477,45.84933948344606,0,1,0.30675073437299005,1096.898,835.9138447418359,997.18,1.0441272099272523,10.441272099272524
unit,12,cmicl,0.1,optimal,711.2168738031011,50.368411379354924,1,1,0.36841137935521573,938.8275603894666,1192.2585113635316,997.18,1.1875859821205237,11.875859821205239
unit,12,nominal,0.1,optimal,679.7131200549055,45.86636386646073,0,0,-0.6284582092811917,874.7516656512852,1166.3355542017134,997.18,1.0654520818344917,10.65452081834492
unit,13,cmicl,0.1,optimal,1806.9712473612565,50.50005827331609,1,1,0.5000582733163768,923.0467632922113,1230.7290177229484,997.18,1.1849843612501387,11.849843612501388
unit,13,nominal,0.1,optimal,1761.4999552900672,45.86636386646076,0,0,-0.6284582092811632,874.7516656512848,1166.3355542017132,997.18,1.0654520818344917,10.65452081834492
unit,14,cmicl,0.1,optimal,2053.2687805456653,51.78635915580985,1,1,1.786359155810132,1096.898,988.7745238213182,997.18,1.2293868639200165,12.29386863920017
unit,14,nominal,0.1,optimal,1910.4403535927493,45.84933948344606,0,1,0.30675073437299005,1096.898,835.9138447418359,997.18,1.0441272099272523,10.441272099272524
unit,15,cmicl,0.1,optimal,2078.7963753136796,51.78635915580985,1,1,1.786359155810132,1096.898,988.7745238213182,997.18,1.2293868639200165,12.29386863920017
unit,15,nominal,0.1,optimal,1982.9620468542068,45.84933948344606,0,1,0.30675073437299005,1096.898,835.9138447418359,997.18,1.0441272099272523,10.441272099272524
unit,16,cmicl,0.1,optimal,1838.1102484471392,50.368411379354924,1,1,0.36841137935521573,938.8275603894666,1192.2585113635316,997.18,1.1875859821205237,11.875859821205239
unit,16,nominal,0.1,optimal,1760.466214775343,45.20043216819367,0,0,-0.8437290439166887,1010.7107405452084,928.093896793476,997.18,1.0435331527914724,10.435331527914727
unit,17,cmicl,0.1,optimal,2447.348512533197,51.78635915580985,1,1,1.786359155810132,1096.898,988.7745238213182,997.18,1.2293868639200165,12.29386863920017
unit,17,nominal,0.1,optimal,2337.2708660178223,45.84933948344606,0,1,0.30675073437299005,1096.898,835.9138447418359,997.18,1.0441272099272523,10.441272099272524
unit,18,cmicl,0.1,optimal,2002.1394738968274,51.78635915580985,1,1,1.786359155810132,1096.898,988.7745238213182,997.18,1.2293868639200165,12.29386863920017
unit,18,nominal,0.1,optimal,1852.2038630056156,45.84933948344606,0,1,0.30675073437299005,1096.898,835.9138447418359,997.18,1.0441272099272523,10.441272099272524
unit,19,cmicl,0.1,optimal,2047.323506259106,50.50005827331609,1,1,0.5000582733163768,923.0467632922113,1230.7290177229484,997.18,1.1849843612501387,11.849843612501388
unit,19,nominal,0.1,optimal,1990.4261389700514,45.86636386646076,0,0,-0.6284582092811632,874.7516656512848,1166.3355542017132,997.18,1.0654520818344917,10.65452081834492
unit,20,cmicl,0.1,optimal,1531.5510555413352,50.36841137935497,1,1,0.36841137935525836,938.8275603894666,1192.2585113635314,997.18,1.1875859821205237,11.875859821205239
unit,20,nominal,0.1,optimal,1494.3337769966115,45.86636386646073,0,0,-0.6284582092811917,874.7516656512852,1166.3355542017134,997.18,1.0654520818344917,10.65452081834492
unit,21,cmicl,0.1,optimal,1966.3796299905491,51.78635915580985,1,1,1.786359155810132,1096.898,988.7745238213182,997.18,1.2293868639200165,12.29386863920017
unit,21,nominal,0.1,optimal,1891.6958413448424,45.200432168193686,0,0,-0.8437290439167029,1010.7107405452085,928.0938967934761,997.18,1.0435331527914735,10.435331527914734
unit,22,cmicl,0.1,optimal,1328.1974388537403,50.50005827331609,1,1,0.5000582733163768,923.0467632922113,1230.7290177229484,997.18,1.1849843612501387,11.849843612501388
unit,22,nominal,0.1,optimal,1295.7917711628093,45.86636386646076,0,0,-0.6284582092811632,874.7516656512848,1166.3355542017132,997.18,1.0654520818344917,10.65452081834492
unit,23,cmicl,0.1,optimal,1548.8689282302505,51.78635915580985,1,1,1.786359155810132,1096.898,988.7745238213182,997.18,1.2293868639200165,12.29386863920017
unit,23,nominal,0.1,optimal,1406.5660142759984,45.84933948344606,0,1,0.30675073437299005,1096.898,835.9138447418359,997.18,1.0441272099272523,10.441272099272524
unit,24,cmicl,0.1,optimal,1770.3527843742788,51.78635915580985,1,1,1.786359155810132,1096.898,988.7745238213182,997.18,1.2293868639200165,12.29386863920017
unit,24,nominal,0.1,optimal,1703.9932974755197,45.84933948344606,0,1,0.30675073437299005,1096.898,835.9138447418359,997.18,1.0441272099272523,10.441272099272524
unit,25,cmicl,0.1,optimal,1372.1726800451013,51.78635915580985,1,1,1.786359155810132,1096.898,988.7745238213182,997.18,1.2293868639200165,12.29386863920017
unit,25,nominal,0.1,optimal,1235.8570749217163,45.84933948344606,0,1,0.30675073437299005,1096.898,835.9138447418359,997.18,1.0441272099272523,10.441272099272524
unit,26,cmicl,0.1,optimal,2002.4500358078637,51.78635915580985,1,1,1.786359155810132,1096.898,988.7745238213182,997.18,1.2293868639200165,12.29386863920017
unit,26,nominal,0.1,optimal,1917.11322364933,45.84933948344606,0,1,0.30675073437299005,1096.898,835.9138447418359,997.18,1.0441272099272523,10.441272099272524
unit,27,cmicl,0.1,optimal,1892.3025469498257,51.78635915580985,1,1,1.786359155810132,1096.898,988.7745238213182,997.18,1.2293868639200165,12.29386863920017
unit,27,nominal,0.1,optimal,1766.3819840319861,45.84933948344606,0,1,0.30675073437299005,1096.898,835.9138447418359,997.18,1.0441272099272523,10.441272099272524
unit,28,cmicl,0.1,optimal,2044.491035308873,51.78635915580985,1,1,1.786359155810132,1096.898,988.7745238213182,997.18,1.2293868639200165,12.29386863920017
unit,28,nominal,0.1,optimal,1952.923328507891,45.84933948344606,0,1,0.30675073437299005,1096.898,835.9138447418359,997.18,1.0441272099272523,10.441272099272524
unit,29,cmicl,0.1,optimal,1723.649863269218,50.50005827331604,1,1,0.5000582733163341,923.0467632922112,1230.7290177229481,997.18,1.1849843612501387,11.849843612501388
unit,29,nominal,0.1,optimal,1675.888544829407,45.86636386646076,0,0,-0.6284582092811632,874.7516656512848,1166.3355542017132,997.18,1.0654520818344917,10.65452081834492
unit,30,cmicl,0.1,optimal,454.4447597439629,51.78635915580985,1,1,1.786359155810132,1096.898,988.7745238213182,997.18,1.2293868639200165,12.29386863920017
unit,30,nominal,0.1,optimal,397.2659081980645,46.589322304731354,0,1,4.636252056467079,1482.9319999999998,746.0019043504138,1348.12,1.213508907273772,12.357766666666656
unit,31,cmicl,0.1,optimal,1832.1981270870806,51.78635915580985,1,1,1.786359155810132,1096.898,988.7745238213182,997.18,1.2293868639200165,12.29386863920017
unit,31,nominal,0.1,optimal,1687.657628439237,45.84933948344606,0,1,0.30675073437299005,1096.898,835.9138447418359,997.18,1.0441272099272523,10.441272099272524
unit,32,cmicl,0.1,optimal,1340.8237383520031,51.78635915580985,1,1,1.786359155810132,1096.898,988.7745238213182,997.18,1.2293868639200165,12.29386863920017
unit,32,nominal,0.1,optimal,1273.5102416264701,45.84933948344606,0,1,0.30675073437299005,1096.898,835.9138447418359,997.18,1.0441272099272523,10.441272099272524
unit,33,cmicl,0.1,optimal,1473.6409939121454,51.78635915580985,1,1,1.786359155810132,1096.898,988.7745238213182,997.18,1.2293868639200165,12.29386863920017
unit,33,nominal,0.1,optimal,1429.5345977153465,45.20043216819367,0,0,-0.8437290439166887,1010.7107405452084,928.093896793476,997.18,1.0435331527914724,10.435331527914727
unit,34,cmicl,0.1,optimal,1687.503245331703,51.78635915580985,1,1,1.786359155810132,1096.898,988.7745238213182,997.18,1.2293868639200165,12.29386863920017
unit,34,nominal,0.1,optimal,1533.7551878974425,45.84933948344606,0,1,0.30675073437299005,1096.898,835.9138447418359,997.18,1.0441272099272523,10.441272099272524
unit,35,cmicl,0.1,optimal,2517.488937962929,51.78635915580985,1,1,1.786359155810132,1096.898,988.7745238213182,997.18,1.2293868639200165,12.29386863920017
unit,35,nominal,0.1,optimal,2405.385333224809,45.200432168193686,0,0,-0.8437290439167029,1010.7107405452085,928.0938967934761,997.18,1.0435331527914735,10.435331527914734
unit,36,cmicl,0.1,optimal,1248.7486875191164,50.50005827331604,1,1,0.5000582733163341,923.0467632922112,1230.7290177229481,997.18,1.1849843612501387,11.849843612501388
unit,36,nominal,0.1,optimal,1190.3321004518164,45.86636386646076,0,0,-0.6284582092811632,874.7516656512848,1166.3355542017132,997.18,1.0654520818344917,10.65452081834492
unit,37,cmicl,0.1,optimal,1489.8459872855312,51.78635915580985,1,1,1.786359155810132,1096.898,988.7745238213182,997.18,1.2293868639200165,12.29386863920017
unit,37,nominal,0.1,optimal,1428.2054058770357,45.84933948344606,0,1,0.30675073437299005,1096.898,835.9138447418359,997.18,1.0441272099272523,10.441272099272524
unit,38,cmicl,0.1,optimal,1267.1978102729656,51.78635915580985,1,1,1.786359155810132,1096.898,988.7745238213182,997.18,1.2293868639200165,12.29386863920017
unit,38,nominal,0.1,optimal,1184.9540723166876,45.84933948344606,0,1,0.30675073437299005,1096.898,835.9138447418359,997.18,1.0441272099272523,10.441272099272524
unit,39,cmicl,0.1,optimal,1313.931885063546,50.50005827331609,1,1,0.5000582733163768,923.0467632922113,1230.7290177229484,997.18,1.1849843612501387,11.849843612501388
unit,39,nominal,0.1,optimal,1285.1015691747912,45.86636386646076,0,0,-0.6284582092811632,874.7516656512848,1166.3355542017132,997.18,1.0654520818344917,10.65452081834492
unit,40,cmicl,0.1,optimal,1201.405956767941,50.368411379354924,1,1,0.36841137935521573,938.8275603894666,1192.2585113635316,997.18,1.1875859821205237,11.875859821205239
unit,40,nominal,0.1,optimal,1173.992504440554,45.200432168193686,0,0,-0.8437290439167029,1010.7107405452085,928.0938967934761,997.18,1.0435331527914735,10.435331527914734
unit,41,cmicl,0.1,optimal,1694.038357879025,51.78635915580985,1,1,1.786359155810132,1096.898,988.7745238213182,997.18,1.2293868639200165,12.29386863920017
unit,41,nominal,0.1,optimal,1545.4505730944516,45.84933948344606,0,1,0.30675073437299005,1096.898,835.9138447418359,997.18,1.0441272099272523,10.441272099272524
unit,42,cmicl,0.1,optimal,642.799683522892,51.78635915580985,1,1,1.786359155810132,1096.898,988.7745238213182,997.18,1.2293868639200165,12.29386863920017
unit,42,nominal,0.1,optimal,583.1824644531645,45.84933948344606,0,1,0.30675073437299005,1096.898,835.9138447418359,997.18,1.0441272099272523,10.441272099272524
unit,43,cmicl,0.1,optimal,1778.5987279993012,51.78635915580985,1,1,1.786359155810132,1096.898,988.7745238213182,997.18,1.2293868639200165,12.29386863920017
unit,43,nominal,0.1,optimal,1643.483457989043,45.84933948344606,0,1,0.30675073437299005,1096.898,835.9138447418359,997.18,1.0441272099272523,10.441272099272524
unit,44,cmicl,0.1,optimal,1085.4199798850138,50.50005827331609,1,1,0.5000582733163625,923.0467632922116,1230.7290177229488,997.18,1.1849843612501387,11.849843612501388
unit,44,nominal,0.1,optimal,1031.963431242424,45.86636386646076,0,0,-0.6284582092811632,874.7516656512848,1166.3355542017132,997.18,1.0654520818344917,10.65452081834492
unit,45,cmicl,0.1,optimal,1354.327699077448,51.78635915580985,1,1,1.786359155810132,1096.898,988.7745238213182,997.18,1.2293868639200165,12.29386863920017
unit,45,nominal,0.1,optimal,1268.8304005338848,45.200432168193686,0,0,-0.8437290439167029,1010.7107405452085,928.0938967934761,997.18,1.0435331527914735,10.435331527914734
unit,46,cmicl,0.1,optimal,1724.3341906121789,50.368411379354924,1,1,0.36841137935521573,938.8275603894666,1192.2585113635316,997.18,1.1875859821205237,11.875859821205239
unit,46,nominal,0.1,optimal,1653.5775518123548,45.20043216819367,0,0,-0.8437290439166887,1010.7107405452084,928.093896793476,997.18,1.0435331527914724,10.435331527914727
unit,47,cmicl,0.1,optimal,1595.1169023288303,50.50005827331609,1,1,0.5000582733163768,923.0467632922113,1230.7290177229484,997.18,1.1849843612501387,11.849843612501388
unit,47,nominal,0.1,optimal,1553.2248195670632,45.86636386646076,0,0,-0.6284582092811632,874.7516656512848,1166.3355542017132,997.18,1.0654520818344917,10.65452081834492
unit,48,cmicl,0.1,optimal,1962.1305454738592,51.78635915580985,1,1,1.786359155810132,1096.898,988.7745238213182,997.18,1.2293868639200165,12.29386863920017
unit,48,nominal,0.1,optimal,1813.326477202436,45.84933948344606,0,1,0.30675073437299005,1096.898,835.9138447418359,997.18,1.0441272099272523,10.441272099272524
unit,49,cmicl,0.1,optimal,2230.4904091984013,51.78635915580985,1,1,1.786359155810132,1096.898,988.7745238213182,997.18,1.2293868639200165,12.29386863920017
unit,49,nominal,0.1,optimal,2128.789170245112,45.84933948344606,0,1,0.30675073437299005,1096.898,835.9138447418359,997.18,1.0441272099272523,10.441272099272524
unit,50,cmicl,0.1,optimal,1738.856186330015,51.78635915580985,1,1,1.786359155810132,1096.898,988.7745238213182,997.18,1.2293868639200165,12.29386863920017
unit,50,nominal,0.1,optimal,1685.1467324860705,45.20043216819367,0,0,-0.8437290439166887,1010.7107405452084,928.093896793476,997.18,1.0435331527914724,10.435331527914727
unit,51,cmicl,0.1,optimal,1428.4012070933784,51.78635915580985,1,1,1.786359155810132,1096.898,988.7745238213182,997.18,1.2293868639200165,12.29386863920017
unit,51,nominal,0.1,optimal,1292.6683160908085,45.84933948344606,0,1,0.30675073437299005,1096.898,835.9138447418359,997.18,1.0441272099272523,10.441272099272524
unit,52,cmicl,0.1,optimal,1933.2962191792983,50.50005827331609,1,1,0.5000582733163768,923.0467632922113,1230.7290177229484,997.18,1.1849843612501387,11.849843612501388
unit,52,nominal,0.1,optimal,1873.485784559728,45.86636386646076,0,0,-0.6284582092811632,874.7516656512848,1166.3355542017132,997.18,1.0654520818344917,10.65452081834492
unit,53,cmicl,0.1,optimal,1106.030486065599,51.78635915580985,1,1,1.786359155810132,1096.898,988.7745238213182,997.18,1.2293868639200165,12.29386863920017
unit,53,nominal,0.1,optimal,1023.1942402412893,45.84933948344606,0,1,0.30675073437299005,1096.898,835.9138447418359,997.18,1.0441272099272523,10.441272099272524
unit,54,cmicl,0.1,optimal,1808.3225797160821,51.78635915580985,1,1,1.786359155810132,1096.898,988.7745238213182,997.18,1.2293868639200165,12.29386863920017
unit,54,nominal,0.1,optimal,1676.452693431917,45.84933948344606,0,1,0.30675073437299005,1096.898,835.9138447418359,997.18,1.0441272099272523,10.441272099272524
unit,55,cmicl,0.1,optimal,2347.3730931264026,51.78635915580985,1,1,1.786359155810132,1096.898,988.7745238213182,997.18,1.2293868639200165,12.29386863920017
unit,55,nominal,0.1,optimal,2209.5579953738197,45.20043216819367,0,0,-0.8437290439166887,1010.7107405452084,928.093896793476,997.18,1.0435331527914724,10.435331527914727
unit,56,cmicl,0.1,optimal,2219.9363025305706,51.78635915580985,1,1,1.786359155810132,1096.898,988.7745238213182,997.18,1.2293868639200165,12.29386863920017
unit,56,nominal,0.1,optimal,2103.0754947492533,45.84933948344606,0,1,0.30675073437299005,1096.898,835.9138447418359,997.18,1.0441272099272523,10.441272099272524
unit,57,cmicl,0.1,optimal,1776.3653209247539,50.36841137935497,1,1,0.36841137935525836,938.8275603894666,1192.2585113635314,997.18,1.1875859821205237,11.875859821205239
unit,57,nominal,0.1,optimal,1723.6079847328601,45.86636386646076,0,0,-0.6284582092811632,874.7516656512848,1166.3355542017132,997.18,1.0654520818344917,10.65452081834492
unit,58,cmicl,0.1,optimal,932.3708482479328,50.50005827331604,1,1,0.5000582733163341,923.0467632922112,1230.7290177229481,997.18,1.1849843612501387,11.849843612501388
unit,58,nominal,0.1,optimal,908.1629257480498,45.86636386646076,0,0,-0.6284582092811632,874.7516656512848,1166.3355542017132,997.18,1.0654520818344917,10.65452081834492
unit,59,cmicl,0.1,optimal,1633.8895503632193,50.50005827331609,1,1,0.5000582733163768,923.0467632922113,1230.7290177229484,997.18,1.1849843612501387,11.849843612501388
unit,59,nominal,0.1,optimal,1596.6071902448164,45.86636386646076,0,0,-0.6284582092811632,874.7516656512848,1166.3355542017132,997.18,1.0654520818344917,10.65452081834492
unit,60,cmicl,0.1,optimal,1585.1174324142507,50.368411379354924,1,1,0.36841137935521573,938.8275603894666,1192.2585113635316,997.18,1.1875859821205237,11.875859821205239
unit,60,nominal,0.1,optimal,1494.5676520577063,45.20043216819367,0,0,-0.8437290439166887,1010.7107405452084,928.093896793476,997.18,1.0435331527914724,10.435331527914727
unit,61,cmicl,0.1,optimal,2226.202180050133,50.368411379354924,1,1,0.36841137935521573,938.8275603894666,1192.2585113635316,997.18,1.1875859821205237,11.875859821205239
unit,61,nominal,0.1,optimal,2144.348039209863,45.20043216819367,0,0,-0.8437290439166887,1010.7107405452084,928.093896793476,997.18,1.0435331527914724,10.435331527914727
unit,62,cmicl,0.1,optimal,1333.5709777872169,51.78635915580985,1,1,1.786359155810132,1096.898,988.7745238213182,997.18,1.2293868639200165,12.29386863920017
unit,62,nominal,0.1,optimal,1272.5278996095426,45.84933948344606,0,1,0.30675073437299005,1096.898,835.9138447418359,997.18,1.0441272099272523,10.441272099272524
unit,63,cmicl,0.1,optimal,1147.807588035956,51.78635915580985,1,1,1.786359155810132,1096.898,988.7745238213182,997.18,1.2293868639200165,12.29386863920017
unit,63,nominal,0.1,optimal,1035.1778431342186,45.84933948344606,0,1,0.30675073437299005,1096.898,835.9138447418359,997.18,1.0441272099272523,10.441272099272524
unit,64,cmicl,0.1,optimal,2003.1167618264797,51.78635915580985,1,1,1.786359155810132,1096.898,988.7745238213182,997.18,1.2293868639200165,12.29386863920017
unit,64,nominal,0.1,optimal,1923.7620533454613,45.20043216819367,0,0,-0.8437290439166887,1010.7107405452084,928.093896793476,997.18,1.0435331527914724,10.435331527914727
unit,65,cmicl,0.1,optimal,1194.2969770460343,50.368411379354924,1,1,0.36841137935521573,938.8275603894666,1192.2585113635316,997.18,1.1875859821205237,11.875859821205239
unit,65,nominal,0.1,optimal,1168.2868514293873,45.86636386646075,0,0,-0.6284582092812059,874.7516656512853,1166.3355542017136,997.18,1.0654520818344917,10.654520818344928
unit,66,cmicl,0.1,optimal,1629.0346275650438,50.50005827331604,1,1,0.5000582733163341,923.0467632922112,1230.7290177229481,997.18,1.1849843612501387,11.849843612501388
unit,66,nominal,0.1,optimal,1570.4279593655558,45.86636386646076,0,0,-0.6284582092811632,874.7516656512848,1166.3355542017132,997.18,1.0654520818344917,10.65452081834492
unit,67,cmicl,0.1,optimal,2311.803681555352,51.78635915580985,1,1,1.786359155810132,1096.898,988.7745238213182,997.18,1.2293868639200165,12.29386863920017
unit,67,nominal,0.1,optimal,2186.694267474063,45.20043216819367,0,0,-0.8437290439166887,1010.7107405452084,928.093896793476,997.18,1.0435331527914724,10.435331527914727
unit,68,cmicl,0.1,optimal,1441.3528385077973,51.78635915580985,1,1,1.786359155810132,1096.898,988.7745238213182,997.18,1.2293868639200165,12.29386863920017
unit,68,nominal,0.1,optimal,1331.1118978945394,45.84933948344611,0,1,0.30675073437301137,1096.898,835.9138447418363,997.18,1.0441272099272536,10.441272099272538
unit,69,cmicl,0.1,optimal,909.9380655216971,51.78635915580985,1,1,1.786359155810132,1096.898,988.7745238213182,997.18,1.2293868639200165,12.29386863920017
unit,69,nominal,0.1,optimal,870.3614360586462,45.849339483446066,0,1,0.30675073437299005,1096.898,835.9138447418358,997.18,1.0441272099272532,10.441272099272531
unit,70,cmicl,0.1,optimal,1630.4806246858961,50.50005827331609,1,1,0.5000582733163768,923.0467632922113,1230.7290177229484,997.18,1.1849843612501387,11.849843612501388
unit,70,nominal,0.1,optimal,1575.8335034959828,45.86636386646076,0,0,-0.6284582092811632,874.7516656512848,1166.3355542017132,997.18,1.0654520818344917,10.65452081834492
unit,71,cmicl,0.1,optimal,1952.6915134310038,51.78635915580985,1,1,1.786359155810132,1096.898,988.7745238213182,997.18,1.2293868639200165,12.29386863920017
unit,71,nominal,0.1,optimal,1842.7498477662034,45.84933948344606,0,1,0.30675073437299005,1096.898,835.9138447418359,997.18,1.0441272099272523,10.441272099272524
unit,72,cmicl,0.1,optimal,1945.383083464813,50.368411379354924,1,1,0.36841137935521573,938.8275603894666,1192.2585113635316,997.18,1.1875859821205237,11.875859821205239
unit,72,nominal,0.1,optimal,1849.7828162533515,45.200432168193686,0,0,-0.8437290439167029,1010.7107405452085,928.0938967934761,997.18,1.0435331527914735,10.435331527914734
unit,73,cmicl,0.1,optimal,786.1767637622779,51.78635915580985,1,1,1.786359155810132,1096.898,988.7745238213182,997.18,1.2293868639200165,12.29386863920017
unit,73,nominal,0.1,optimal,697.1422892719293,45.84933948344606,0,1,0.30675073437299005,1096.898,835.9138447418359,997.18,1.0441272099272523,10.441272099272524
unit,74,cmicl,0.1,optimal,1126.6153298239585,51.78635915580985,1,1,1.786359155810132,1096.898,988.7745238213182,997.18,1.2293868639200165,12.29386863920017
unit,74,nominal,0.1,optimal,1062.3673239596028,45.20043216819367,0,0,-0.8437290439166887,1010.7107405452084,928.093896793476,997.18,1.0435331527914724,10.435331527914727
unit,75,cmicl,0.1,optimal,1129.2444515407444,50.50005827331604,1,1,0.5000582733163341,923.0467632922112,1230.7290177229481,997.18,1.1849843612501387,11.849843612501388
unit,75,nominal,0.1,optimal,1088.2893759241351,45.86636386646076,0,0,-0.6284582092811632,874.7516656512848,1166.3355542017132,997.18,1.0654520818344917,10.65452081834492
unit,76,cmicl,0.1,optimal,1189.4372860403962,51.78635915580985,1,1,1.786359155810132,1096.898,988.7745238213182,997.18,1.2293868639200165,12.29386863920017
unit,76,nominal,0.1,optimal,1158.1694907102822,45.849339483446066,0,1,0.30675073437299005,1096.898,835.9138447418358,997.18,1.0441272099272532,10.441272099272531
unit,77,cmicl,0.1,optimal,1712.8978343687763,50.368411379354924,1,1,0.36841137935521573,938.8275603894666,1192.2585113635316,997.18,1.1875859821205237,11.875859821205239
unit,77,nominal,0.1,optimal,1649.1431816890495,45.86636386646073,0,0,-0.6284582092811917,874.7516656512852,1166.3355542017134,997.18,1.0654520818344917,10.65452081834492
unit,78,cmicl,0.1,optimal,2367.6940890576575,51.78635915580985,1,1,1.786359155810132,1096.898,988.7745238213182,997.18,1.2293868639200165,12.29386863920017
unit,78,nominal,0.1,optimal,2247.889869016484,45.20043216819367,0,0,-0.8437290439166887,1010.7107405452084,928.093896793476,997.18,1.0435331527914724,10.435331527914727
unit,79,cmicl,0.1,optimal,1028.0766446235339,51.78635915580985,1,1,1.786359155810132,1096.898,988.7745238213182,997.18,1.2293868639200165,12.29386863920017
unit,79,nominal,0.1,optimal,912.8886586777834,45.84933948344606,0,1,0.30675073437299005,1096.898,835.9138447418359,997.18,1.0441272099272523,10.441272099272524
unit,80,cmicl,0.1,optimal,1247.6198324723794,51.78635915580985,1,1,1.786359155810132,1096.898,988.7745238213182,997.18,1.2293868639200165,12.29386863920017
unit,80,nominal,0.1,optimal,1103.6518710267023,45.84933948344606,0,1,0.30675073437299005,1096.898,835.9138447418359,997.18,1.0441272099272523,10.441272099272524
unit,81,cmicl,0.1,optimal,2075.7770172226437,50.50005827331604,1,1,0.5000582733163341,923.0467632922112,1230.7290177229481,997.18,1.1849843612501387,11.849843612501388
unit,81,nominal,0.1,optimal,2010.162664142701,45.86636386646076,0,0,-0.6284582092811632,874.7516656512848,1166.3355542017132,997.18,1.0654520818344917,10.65452081834492
unit,82,cmicl,0.1,optimal,2744.1533236598875,50.368411379354924,1,1,0.36841137935521573,938.8275603894666,1192.2585113635316,997.18,1.1875859821205237,11.875859821205239
unit,82,nominal,0.1,optimal,2622.270104142636,45.200432168193686,0,0,-0.8437290439167029,1010.7107405452085,928.0938967934761,997.18,1.0435331527914735,10.435331527914734
unit,83,cmicl,0.1,optimal,2578.809025905558,51.78635915580985,1,1,1.786359155810132,1096.898,988.7745238213182,997.18,1.2293868639200165,12.29386863920017
unit,83,nominal,0.1,optimal,2458.661964087056,45.20043216819364,0,0,-0.84372904391671,1010.7107405452085,928.0938967934761,997.18,1.0435331527914724,10.435331527914727
unit,84,cmicl,0.1,optimal,1548.421293202796,50.368411379354974,1,1,0.36841137935522283,938.8275603894671,1192.258511363532,997.18,1.1875859821205246,11.875859821205246
unit,84,nominal,0.1,optimal,1507.97383640904,45.86636386646076,0,0,-0.6284582092811632,874.7516656512848,1166.3355542017132,997.18,1.0654520818344917,10.65452081834492
unit,85,cmicl,0.1,optimal,2018.3468281277683,51.78635915580985,1,1,1.786359155810132,1096.898,988.7745238213182,997.18,1.2293868639200165,12.29386863920017
unit,85,nominal,0.1,optimal,1914.4611991733445,45.84933948344606,0,1,0.30675073437299005,1096.898,835.9138447418359,997.18,1.0441272099272523,10.441272099272524
unit,86,cmicl,0.1,optimal,1763.1314044503051,51.78635915580985,1,1,1.786359155810132,1096.898,988.7745238213182,997.18,1.2293868639200165,12.29386863920017
unit,86,nominal,0.1,optimal,1667.777947946882,45.8493394834461,0,1,0.30675073437299716,1096.898,835.9138447418369,997.18,1.0441272099272534,10.441272099272538
unit,87,cmicl,0.1,optimal,1322.876408199038,51.78635915580985,1,1,1.786359155810132,1096.898,988.7745238213182,997.18,1.2293868639200165,12.29386863920017
unit,87,nominal,0.1,optimal,1248.6349140883217,45.20043216819367,0,0,-0.8437290439166887,1010.7107405452084,928.093896793476,997.18,1.0435331527914724,10.435331527914727
unit,88,cmicl,0.1,optimal,1858.9470798363127,50.50005827331604,1,1,0.5000582733163341,923.0467632922112,1230.7290177229481,997.18,1.1849843612501387,11.849843612501388
unit,88,nominal,0.1,optimal,1812.0446371306407,45.86636386646076,0,0,-0.6284582092811632,874.7516656512848,1166.3355542017132,997.18,1.0654520818344917,10.65452081834492
unit,89,cmicl,0.1,optimal,1846.5404024225024,50.36841137935497,1,1,0.36841137935525836,938.8275603894666,1192.2585113635314,997.18,1.1875859821205237,11.875859821205239
unit,89,nominal,0.1,optimal,1778.22315627959,45.20043216819367,0,0,-0.8437290439166887,1010.7107405452084,928.093896793476,997.18,1.0435331527914724,10.435331527914727
unit,90,cmicl,0.1,optimal,2298.6292720378497,51.78635915580985,1,1,1.786359155810132,1096.898,988.7745238213182,997.18,1.2293868639200165,12.29386863920017
unit,90,nominal,0.1,optimal,2168.46298771367,45.84933948344606,0,1,0.30675073437299005,1096.898,835.9138447418359,997.18,1.0441272099272523,10.441272099272524
unit,91,cmicl,0.1,optimal,1941.6231488643507,51.78635915580985,1,1,1.786359155810132,1096.898,988.7745238213182,997.18,1.2293868639200165,12.29386863920017
unit,91,nominal,0.1,optimal,1796.8038909206232,45.84933948344606,0,1,0.30675073437299005,1096.898,835.9138447418359,997.18,1.0441272099272523,10.441272099272524
unit,92,cmicl,0.1,optimal,1093.0448283833275,50.500058273316114,1,1,0.5000582733163839,923.0467632922117,1230.7290177229488,997.18,1.1849843612501387,11.849843612501388
unit,92,nominal,0.1,optimal,1045.7068584019112,45.86636386646076,0,0,-0.6284582092811632,874.7516656512848,1166.3355542017132,997.18,1.0654520818344917,10.65452081834492
unit,93,cmicl,0.1,optimal,923.3730042774956,50.50005827331609,1,1,0.5000582733163768,923.0467632922113,1230.7290177229484,997.18,1.1849843612501387,11.849843612501388
unit,93,nominal,0.1,optimal,880.700360274381,45.86636386646076,0,0,-0.6284582092811632,874.7516656512848,1166.3355542017132,997.18,1.0654520818344917,10.65452081834492
unit,94,cmicl,0.1,optimal,843.3484564346885,50.50005827331609,1,1,0.5000582733163768,923.0467632922113,1230.7290177229484,997.18,1.1849843612501387,11.849843612501388
unit,94,nominal,0.1,optimal,827.9235998327174,45.86636386646076,0,0,-0.6284582092811632,874.7516656512848,1166.3355542017132,997.18,1.0654520818344917,10.65452081834492
unit,95,cmicl,0.1,optimal,2061.181003706601,51.78635915580985,1,1,1.786359155810132,1096.898,988.7745238213182,997.18,1.2293868639200165,12.29386863920017
unit,95,nominal,0.1,optimal,1935.0798733377462,45.84933948344606,0,1,0.30675073437299005,1096.898,835.9138447418359,997.18,1.0441272099272523,10.441272099272524
unit,96,cmicl,0.1,optimal,1500.9852720536903,51.78635915580985,1,1,1.786359155810132,1096.898,988.7745238213182,997.18,1.2293868639200165,12.29386863920017
unit,96,nominal,0.1,optimal,1411.5520621938304,45.84933948344606,0,1,0.30675073437299005,1096.898,835.9138447418359,997.18,1.0441272099272523,10.441272099272524
unit,97,cmicl,0.1,optimal,1687.506492820684,51.78635915580985,1,1,1.786359155810132,1096.898,988.7745238213182,997.18,1.2293868639200165,12.29386863920017
unit,97,nominal,0.1,optimal,1594.171204414605,45.200432168193686,0,0,-0.8437290439167029,1010.7107405452085,928.0938967934761,997.18,1.0435331527914735,10.435331527914734
unit,98,cmicl,0.1,optimal,1225.5697432761128,51.78635915580985,1,1,1.786359155810132,1096.898,988.7745238213182,997.18,1.2293868639200165,12.29386863920017
unit,98,nominal,0.1,optimal,1176.5907375665233,45.20043216819367,0,0,-0.8437290439166887,1010.7107405452084,928.093896793476,997.18,1.0435331527914724,10.435331527914727
unit,99,cmicl,0.1,optimal,1973.2369566907144,51.78635915580985,1,1,1.786359155810132,1096.898,988.7745238213182,997.18,1.2293868639200165,12.29386863920017
unit,99,nominal,0.1,optimal,1885.1113112105295,45.84933948344606,0,1,0.30675073437299005,1096.898,835.9138447418359,997.18,1.0441272099272523,10.441272099272524
scaled,0,cmicl,0.1,optimal,1.112683691421135,50.368411379354924,1,1,0.36841137935521573,938.8275603894666,1192.2585113635316,997.18,1.1875859821205237,11.875859821205239
scaled,0,nominal,0.1,optimal,1.0547705297698404,45.86636386646074,0,0,-0.6284582092811704,874.7516656512851,1166.3355542017134,997.18,1.065452081834491,10.654520818344913
scaled,1,cmicl,0.1,optimal,4.090747203074074,48.537593555163156,0,0,-1.4624064448365388,977.3485579570163,1148.1402349764642,997.18,1.0829183239831337,10.829183239831337
scaled,1,nominal,0.1,optimal,3.974251397618748,45.20043216819365,0,0,-0.84372904391671,1010.7107405452084,928.0938967934759,997.18,1.0435331527914724,10.435331527914727
scaled,2,cmicl,0.1,optimal,3.2785911049260883,49.3469214801041,0,0,-0.6530785198956224,932.797150261701,1243.7295336822679,997.18,1.1046019026903273,11.046019026903274
scaled,2,nominal,0.1,optimal,3.2292371498524375,45.86636386646073,0,0,-0.6284582092811917,874.7516656512852,1166.3355542017134,997.18,1.0654520818344917,10.65452081834492
scaled,3,cmicl,0.1,optimal,2.803036691780277,48.479572560381214,0,0,-1.520427439618544,1096.898,996.855101146614,997.18,1.0597111268437096,10.597111268437096
scaled,3,nominal,0.1,optimal,2.666885189365885,45.849339483446066,0,1,0.30675073437298295,1096.898,835.9138447418361,997.18,1.044127209927253,10.441272099272531
scaled,4,cmicl,0.1,optimal,2.5701922640221815,47.418807376407145,0,0,-2.5811926235925498,1096.898,1215.911596852896,997.18,0.9775970713149449,10.14153725053869
scaled,4,nominal,0.1,optimal,2.5216770123982495,43.3760639576733,0,0,-1.687063148672003,1096.898,928.9729505312234,997.18,0.9461133070962067,10.0
scaled,5,cmicl,0.1,optimal,4.695456669417747,48.479572560381214,0,0,-1.520427439618544,1096.898,996.855101146614,997.18,1.0597111268437096,10.597111268437096
scaled,5,nominal,0.1,optimal,4.534358349529488,45.849339483446066,0,1,0.30675073437298295,1096.898,835.9138447418361,997.18,1.044127209927253,10.441272099272531
scaled,6,cmicl,0.1,optimal,2.018258579822442,48.69157946701306,0,0,-1.3084205329866379,1077.841356861296,1151.7507744290547,997.18,0.5,44.640826457376214
scaled,6,nominal,0.1,optimal,1.9465043969798852,43.02792499299132,0,0,-2.1754194191667438,1043.943709656025,986.750081091908,997.18,0.9444887117424614,10.0
scaled,7,cmicl,0.1,optimal,3.8654960500727285,48.85293273680615,0,0,-1.1470672631935557,1096.898,1135.220319664518,997.18,0.5,44.60908726501248
scaled,7,nominal,0.1,optimal,3.7906995541872988,47.446489352423725,0,1,2.9634330038391283,1096.898,908.2092684682349,997.18,0.5,52.21607467706702
scaled,8,cmicl,0.1,optimal,2.8636893415631843,48.537593555163156,0,0,-1.4624064448365388,977.3485579570163,1148.1402349764642,997.18,1.0829183239831337,10.829183239831337
scaled,8,nominal,0.1,optimal,2.803809106486005,45.200432168193686,0,0,-0.8437290439167029,1010.7107405452085,928.0938967934761,997.18,1.0435331527914735,10.435331527914734
scaled,9,cmicl,0.1,optimal,2.994789725792203,49.34692148010405,0,0,-0.6530785198956437,932.7971502617007,1243.7295336822676,997.18,1.1046019026903273,11.046019026903274
scaled,9,nominal,0.1,optimal,2.9230158676699096,45.86636386646073,0,0,-0.6284582092811917,874.7516656512852,1166.3355542017134,997.18,1.0654520818344917,10.65452081834492
scaled,10,cmicl,0.1,optimal,3.553515269350049,50.50005827331609,1,1,0.5000582733163768,923.0467632922113,1230.7290177229484,997.18,1.1849843612501387,11.849843612501388
scaled,10,nominal,0.1,optimal,3.4935013127667225,45.86636386646073,0,0,-0.6284582092811917,874.7516656512852,1166.3355542017134,997.18,1.0654520818344917,10.65452081834492
scaled,11,cmicl,0.1,optimal,3.009266087134767,48.85293273680615,0,0,-1.1470672631935557,1096.898,1135.220319664518,997.18,0.5,44.60908726501248
scaled,11,nominal,0.1,optimal,2.9162992139055866,47.446489352423725,0,1,2.9634330038391283,1096.898,908.2092684682349,997.18,0.5,52.21607467706702
scaled,12,cmicl,0.1,optimal,1.2324996082740975,48.69157946701306,0,0,-1.3084205329866379,1077.841356861296,1151.7507744290547,997.18,0.5,44.640826457376214
scaled,12,nominal,0.1,optimal,1.2140619216841966,45.816652544138016,0,0,-1.1507605980919138,1096.898,1145.4256947410922,997.18,0.5,37.23338631045256
scaled,13,cmicl,0.1,optimal,3.757447455000603,50.59129184754108,1,1,0.5912918475413846,1010.5620105187877,1347.4160140250503,997.18,0.5,47.76528505065534
scaled,13,nominal,0.1,optimal,3.7210083472633295,49.193927099372885,0,1,1.518929028481672,968.8819608278689,1291.8426144371585,997.18,0.5,48.44409804139344
scaled,14,cmicl,0.1,optimal,3.4768966303693905,48.85293273680615,0,0,-1.1470672631935557,1096.898,1135.220319664518,997.18,0.5,44.60908726501248
scaled,14,nominal,0.1,optimal,3.318697122919249,47.446489352423725,0,1,2.9634330038391283,1096.898,908.2092684682349,997.18,0.5,52.21607467706702
scaled,15,cmicl,0.1,optimal,4.486632962565918,48.85293273680615,0,0,-1.1470672631935557,1096.898,1135.220319664518,997.18,0.5,44.60908726501248
scaled,15,nominal,0.1,optimal,4.391426166472357,47.446489352423725,0,1,2.9634330038391283,1096.898,908.2092684682349,997.18,0.5,52.21607467706702
scaled,16,cmicl,0.1,optimal,3.2950641855288243,48.69157946701306,0,0,-1.3084205329866379,1077.841356861296,1151.7507744290547,997.18,0.5,44.640826457376214
scaled,16,nominal,0.1,optimal,3.2283433353669033,47.446489352423725,0,1,2.9634330038391283,1096.898,908.2092684682349,997.18,0.5,52.21607467706702
scaled,17,cmicl,0.1,optimal,4.257878450095604,48.479572560381214,0,0,-1.520427439618544,1096.898,996.855101146614,997.18,1.0597111268437096,10.597111268437096
scaled,17,nominal,0.1,optimal,4.146419937418399,45.849339483446066,0,1,0.30675073437298295,1096.898,835.9138447418361,997.18,1.044127209927253,10.441272099272531
scaled,18,cmicl,0.1,optimal,2.6552406027708497,48.479572560381214,0,0,-1.520427439618544,1096.898,996.855101146614,997.18,1.0597111268437096,10.597111268437096
scaled,18,nominal,0.1,optimal,2.4962078239136294,45.849339483446094,0,1,0.30675073437301137,1096.898,835.9138447418366,997.18,1.044127209927253,10.441272099272531
scaled,19,cmicl,0.1,optimal,4.546539237775334,49.346921480104044,0,0,-0.653078519895665,932.7971502617006,1243.7295336822674,997.18,1.1046019026903273,11.046019026903274
scaled,19,nominal,0.1,optimal,4.431831670943179,43.62350660889487,0,0,-0.24218289966609774,914.7820811676866,1219.7094415569154,997.18,0.960788073695583,10.0
scaled,20,cmicl,0.1,optimal,3.465959742356684,48.69157946701306,0,0,-1.3084205329866379,1077.841356861296,1151.7507744290547,997.18,0.5,44.640826457376214
scaled,20,nominal,0.1,optimal,3.4431735911956856,47.44648935242371,0,1,2.9634330038391,1096.898,908.2092684682358,997.18,0.5,52.216074677067034
scaled,21,cmicl,0.1,optimal,3.7436026035291703,48.479572560381214,0,0,-1.520427439618544,1096.898,996.855101146614,997.18,1.0597111268437096,10.597111268437096
scaled,21,nominal,0.1,optimal,3.668617960755896,45.20043216819365,0,0,-0.84372904391671,1010.7107405452084,928.0938967934759,997.18,1.0435331527914724,10.435331527914727
scaled,22,cmicl,0.1,optimal,2.7278272368712377,49.3469214801041,0,0,-0.6530785198956224,932.797150261701,1243.7295336822679,997.18,1.1046019026903273,11.046019026903274
scaled,22,nominal,0.1,optimal,2.6880585911183132,45.86636386646073,0,0,-0.6284582092811917,874.7516656512852,1166.3355542017134,997.18,1.0654520818344917,10.65452081834492
scaled,23,cmicl,0.1,optimal,2.0414381724379727,48.85293273680632,0,0,-1.147067263193648,1096.898,1135.2203196645278,997.18,0.5,44.60908726501267
scaled,23,nominal,0.1,optimal,1.846201688152232,47.446489352423725,0,1,2.9634330038391283,1096.898,908.2092684682349,997.18,0.5,52.21607467706702
scaled,24,cmicl,0.1,optimal,3.885651098968534,48.85293273680615,0,0,-1.1470672631935557,1096.898,1135.220319664518,997.18,0.5,44.60908726501248
scaled,24,nominal,0.1,optimal,3.8144998567955217,47.446489352423725,0,1,2.9634330038391283,1096.898,908.2092684682349,997.18,0.5,52.21607467706702
scaled,25,cmicl,0.1,optimal,1.8593790837643345,48.479572560381214,0,0,-1.520427439618544,1096.898,996.855101146614,997.18,1.0597111268437096,10.597111268437096
scaled,25,nominal,0.1,optimal,1.721457336659934,45.84933948344611,0,1,0.30675073437301137,1096.898,835.9138447418363,997.18,1.0441272099272536,10.441272099272538
scaled,26,cmicl,0.1,optimal,3.84009049436908,48.69157946701306,0,0,-1.3084205329866379,1077.841356861296,1151.7507744290547,997.18,0.5,44.640826457376214
scaled,26,nominal,0.1,optimal,3.746486268470935,47.446489352423725,0,1,2.9634330038391283,1096.898,908.2092684682349,997.18,0.5,52.21607467706702
scaled,27,cmicl,0.1,optimal,3.598839521769862,48.85293273680632,0,0,-1.147067263193648,1096.898,1135.2203196645278,997.18,0.5,44.60908726501267
scaled,27,nominal,0.1,optimal,3.4531837788498927,47.446489352423725,0,1,2.9634330038391283,1096.898,908.2092684682349,997.18,0.5,52.21607467706702
scaled,28,cmicl,0.1,optimal,3.7021758716977375,48.479572560381214,0,0,-1.520427439618544,1096.898,996.855101146614,997.18,1.0597111268437096,10.597111268437096
scaled,28,nominal,0.1,optimal,3.6089254654663794,45.849339483446094,0,1,0.30675073437301137,1096.898,835.9138447418366,997.18,1.044127209927253,10.441272099272531
scaled,29,cmicl,0.1,optimal,3.604817134364391,49.346921480104044,0,0,-0.653078519895665,932.7971502617006,1243.7295336822674,997.18,1.1046019026903273,11.046019026903274
scaled,29,nominal,0.1,optimal,3.5361475150133534,44.44203607994717,0,0,-0.5054052236298219,900.1713767837202,1200.2285023782936,997.18,0.9999999999999983,10.0
scaled,30,cmicl,0.1,optimal,0.9817702375008326,48.85293273680615,0,0,-1.1470672631935557,1096.898,1135.220319664518,997.18,0.5,44.60908726501248
scaled,30,nominal,0.1,optimal,0.9259931887964258,47.446489352423725,0,1,2.9634330038391283,1096.898,908.2092684682349,997.18,0.5,52.21607467706702
scaled,31,cmicl,0.1,optimal,2.432516531091839,48.85293273680632,0,0,-1.147067263193648,1096.898,1135.2203196645278,997.18,0.5,44.60908726501267
scaled,31,nominal,0.1,optimal,2.233491751629037,47.446489352423725,0,1,2.9634330038391283,1096.898,908.2092684682349,997.18,0.5,52.21607467706702
scaled,32,cmicl,0.1,optimal,2.9614405312376024,48.85293273680615,0,0,-1.1470672631935557,1096.898,1135.220319664518,997.18,0.5,44.60908726501248
scaled,32,nominal,0.1,optimal,2.8691417712208676,43.37606395767332,0,0,-1.6870631486719816,1096.898,928.9729505312232,997.18,0.9461133070962067,10.0
scaled,33,cmicl,0.1,optimal,3.6126332066184235,48.69157946701306,0,0,-1.3084205329866379,1077.841356861296,1151.7507744290547,997.18,0.5,44.640826457376214
scaled,33,nominal,0.1,optimal,3.5745796068016387,45.81665254413798,0,0,-1.1507605980918711,1096.898,1145.4256947410897,997.18,0.5,37.23338631045253
scaled,34,cmicl,0.1,optimal,2.4346825146716315,48.479572560381214,0,0,-1.520427439618544,1096.898,996.855101146614,997.18,1.0597111268437096,10.597111268437096
scaled,34,nominal,0.1,optimal,2.278762002857372,45.849339483446094,0,1,0.30675073437301137,1096.898,835.9138447418366,997.18,1.044127209927253,10.441272099272531
scaled,35,cmicl,0.1,optimal,4.94793621406829,51.38692835341413,1,1,1.3869283534144188,1096.898,1021.1375104492706,997.18,0.9340172955751245,18.051365722357644
scaled,35,nominal,0.1,optimal,4.824454481562662,44.213876018975064,0,0,-1.8217618106844569,1025.1203143716368,955.5276318760505,997.18,0.9999999999999983,10.0
scaled,36,cmicl,0.1,optimal,2.0398624926389464,49.346921480104044,0,0,-0.653078519895665,932.7971502617006,1243.7295336822674,997.18,1.1046019026903273,11.046019026903274
scaled,36,nominal,0.1,optimal,1.9468930813789327,43.6235066088949,0,0,-0.24218289966607642,914.7820811676869,1219.7094415569159,997.18,0.9607880736955832,10.0
scaled,37,cmicl,0.1,optimal,3.6012126533132616,48.479572560381214,0,0,-1.520427439618544,1096.898,996.855101146614,997.18,1.0597111268437096,10.597111268437096
scaled,37,nominal,0.1,optimal,3.529287061853834,43.376063957673296,0,0,-1.6870631486719745,1096.898,928.9729505312224,997.18,0.9461133070962064,10.0
scaled,38,cmicl,0.1,optimal,2.3679647264051,48.479572560381214,0,0,-1.520427439618544,1096.898,996.855101146614,997.18,1.0597111268437096,10.597111268437096
scaled,38,nominal,0.1,optimal,2.2847131542592605,45.84933948344611,0,1,0.30675073437301137,1096.898,835.9138447418363,997.18,1.0441272099272536,10.441272099272538
scaled,39,cmicl,0.1,optimal,3.3927532361082924,50.59129184754107,1,1,0.5912918475413491,1010.5620105187882,1347.416014025051,997.18,0.5,47.76528505065535
scaled,39,nominal,0.1,optimal,3.3286914988760725,46.75972736873561,0,1,1.2771769115311145,1007.051158949241,1342.7348785989877,997.18,0.5,38.286867049543844
scaled,40,cmicl,0.1,optimal,2.623916285940272,48.537593555163156,0,0,-1.4624064448365388,977.3485579570163,1148.1402349764642,997.18,1.0829183239831337,10.829183239831337
scaled,40,nominal,0.1,optimal,2.587127157204328,45.20043216819367,0,0,-0.8437290439166887,1010.7107405452084,928.093896793476,997.18,1.0435331527914724,10.435331527914727
scaled,41,cmicl,0.1,optimal,2.1890194366117965,48.479572560381214,0,0,-1.520427439618544,1096.898,996.855101146614,997.18,1.0597111268437096,10.597111268437096
scaled,41,nominal,0.1,optimal,2.0350189437744497,45.849339483446094,0,1,0.30675073437301137,1096.898,835.9138447418366,997.18,1.044127209927253,10.441272099272531
scaled,42,cmicl,0.1,optimal,1.0688833189398212,48.852932736806316,0,0,-1.147067263193648,1096.898,1135.2203196645276,997.18,0.5,44.60908726501266
scaled,42,nominal,0.1,optimal,0.9924012275720533,47.446489352423725,0,1,2.9634330038391283,1096.898,908.2092684682349,997.18,0.5,52.21607467706702
scaled,43,cmicl,0.1,optimal,3.318995414611005,48.479572560381214,0,0,-1.520427439618544,1096.898,996.855101146614,997.18,1.0597111268437096,10.597111268437096
scaled,43,nominal,0.1,optimal,3.1742964442854724,45.84933948344615,0,1,0.3067507343730469,1096.898,835.9138447418367,997.18,1.0441272099272534,10.441272099272545
scaled,44,cmicl,0.1,optimal,1.33151485079464,49.34692148010405,0,0,-0.6530785198956437,932.7971502617007,1243.7295336822676,997.18,1.1046019026903273,11.046019026903274
scaled,44,nominal,0.1,optimal,1.2659087510816533,45.86636386646073,0,0,-0.6284582092811917,874.7516656512852,1166.3355542017134,997.18,1.0654520818344917,10.65452081834492
scaled,45,cmicl,0.1,optimal,2.0425934465945543,48.69157946701306,0,0,-1.3084205329866379,1077.841356861296,1151.7507744290547,997.18,0.5,44.640826457376214
scaled,45,nominal,0.1,optimal,1.9656916702063452,47.446489352423725,0,1,2.9634330038391283,1096.898,908.2092684682349,997.18,0.5,52.21607467706702
scaled,46,cmicl,0.1,optimal,2.985872521782362,48.69157946701306,0,0,-1.3084205329866379,1077.841356861296,1151.7507744290547,997.18,0.5,44.640826457376214
scaled,46,nominal,0.1,optimal,2.8998039539537714,47.446489352423725,0,1,2.9634330038391283,1096.898,908.2092684682349,997.18,0.5,52.21607467706702
scaled,47,cmicl,0.1,optimal,3.522550982026071,48.537593555163156,0,0,-1.4624064448365388,977.3485579570163,1148.1402349764642,997.18,1.0829183239831337,10.829183239831337
scaled,47,nominal,0.1,optimal,3.4525972684753508,43.62350660889486,0,0,-0.24218289966608353,914.7820811676866,1219.7094415569154,997.18,0.9607880736955827,10.0
scaled,48,cmicl,0.1,optimal,3.8169485640832437,48.479572560381214,0,0,-1.520427439618544,1096.898,996.855101146614,997.18,1.0597111268437096,10.597111268437096
scaled,48,nominal,0.1,optimal,3.6629308856229144,45.849339483446094,0,1,0.30675073437301137,1096.898,835.9138447418366,997.18,1.044127209927253,10.441272099272531
scaled,49,cmicl,0.1,optimal,3.992376381987703,48.479572560381214,0,0,-1.520427439618544,1096.898,996.855101146614,997.18,1.0597111268437096,10.597111268437096
scaled,49,nominal,0.1,optimal,3.889837203843441,45.84933948344611,0,1,0.30675073437301137,1096.898,835.9138447418363,997.18,1.0441272099272536,10.441272099272538
scaled,50,cmicl,0.1,optimal,4.074740040177759,48.69157946701306,0,0,-1.3084205329866379,1077.841356861296,1151.7507744290547,997.18,0.5,44.640826457376214
scaled,50,nominal,0.1,optimal,4.03974670092003,45.81665254413798,0,0,-1.1507605980918711,1096.898,1145.4256947410897,997.18,0.5,37.23338631045253
scaled,51,cmicl,0.1,optimal,2.1146980248113527,48.479572560381214,0,0,-1.520427439618544,1096.898,996.855101146614,997.18,1.0597111268437096,10.597111268437096
scaled,51,nominal,0.1,optimal,1.9714662699022543,45.849339483446094,0,1,0.30675073437301137,1096.898,835.9138447418366,997.18,1.044127209927253,10.441272099272531
scaled,52,cmicl,0.1,optimal,3.565752073221496,49.346921480104044,0,0,-0.653078519895665,932.7971502617006,1243.7295336822674,997.18,1.1046019026903273,11.046019026903274
scaled,52,nominal,0.1,optimal,3.4903590017875548,45.86636386646075,0,0,-0.6284582092812059,874.7516656512853,1166.3355542017136,997.18,1.0654520818344917,10.654520818344928
scaled,53,cmicl,0.1,optimal,1.4772302153983996,48.85293271349619,0,0,-1.1470655290743181,1096.898,1135.2202607218849,997.18,0.5,44.6090892669243
scaled,53,nominal,0.1,optimal,1.360202280250534,47.446489352423725,0,1,2.9634330038391283,1096.898,908.2092684682349,997.18,0.5,52.21607467706702
scaled,54,cmicl,0.1,optimal,2.5750429950356155,48.479572560381214,0,0,-1.520427439618544,1096.898,996.855101146614,997.18,1.0597111268437096,10.597111268437096
scaled,54,nominal,0.1,optimal,2.4357360771111307,45.849339483446094,0,1,0.30675073437301137,1096.898,835.9138447418366,997.18,1.044127209927253,10.441272099272531
scaled,55,cmicl,0.1,optimal,3.8386506089982073,48.479572560381214,0,0,-1.520427439618544,1096.898,996.855101146614,997.18,1.0597111268437096,10.597111268437096
scaled,55,nominal,0.1,optimal,3.690484856302057,45.20043216819364,0,0,-0.84372904391671,1010.7107405452085,928.093896793476,997.18,1.0435331527914724,10.435331527914727
scaled,56,cmicl,0.1,optimal,4.276205753232038,48.479572560381214,0,0,-1.520427439618544,1096.898,996.855101146614,997.18,1.0597111268437096,10.597111268437096
scaled,56,nominal,0.1,optimal,4.154276926350808,45.849339483446066,0,1,0.30675073437298295,1096.898,835.9138447418361,997.18,1.044127209927253,10.441272099272531
scaled,57,cmicl,0.1,optimal,3.460603419301936,48.69157946701306,0,0,-1.3084205329866379,1077.841356861296,1151.7507744290547,997.18,0.5,44.640826457376214
scaled,57,nominal,0.1,optimal,3.411769170972749,47.89884478204492,0,1,2.9535954619461933,1060.5517994816194,987.3258155380945,997.18,0.5,53.02758997408096
scaled,58,cmicl,0.1,optimal,2.1556310149345124,49.346921480104044,0,0,-0.653078519895665,932.7971502617006,1243.7295336822674,997.18,1.1046019026903273,11.046019026903274
scaled,58,nominal,0.1,optimal,2.101217624432548,43.62350660889487,0,0,-0.24218289966609774,914.7820811676866,1219.7094415569154,997.18,0.960788073695583,10.0
scaled,59,cmicl,0.1,optimal,3.9242870746502563,49.346921480104044,0,0,-0.653078519895665,932.7971502617006,1243.7295336822674,997.18,1.1046019026903273,11.046019026903274
scaled,59,nominal,0.1,optimal,3.8362628045282716,43.62350660889487,0,0,-0.24218289966609774,914.7820811676866,1219.7094415569154,997.18,0.960788073695583,10.0
scaled,60,cmicl,0.1,optimal,2.1689916539875664,48.537593555163156,0,0,-1.4624064448365388,977.3485579570163,1148.1402349764642,997.18,1.0829183239831337,10.829183239831337
scaled,60,nominal,0.1,optimal,2.054069508404337,45.200432168193686,0,0,-0.8437290439167029,1010.7107405452085,928.0938967934761,997.18,1.0435331527914735,10.435331527914734
scaled,61,cmicl,0.1,optimal,4.248598871638086,48.69157946701306,0,0,-1.3084205329866379,1077.841356861296,1151.7507744290547,997.18,0.5,44.640826457376214
scaled,61,nominal,0.1,optimal,4.169663734050489,47.446489352423725,0,1,2.9634330038391283,1096.898,908.2092684682349,997.18,0.5,52.21607467706702
scaled,62,cmicl,0.1,optimal,3.0698508347870126,48.479572560381214,0,0,-1.520427439618544,1096.898,996.855101146614,997.18,1.0597111268437096,10.597111268437096
scaled,62,nominal,0.1,optimal,3.0042338660826533,45.849339483446144,0,1,0.3067507343730327,1096.898,835.9138447418367,997.18,1.0441272099272534,10.441272099272538
scaled,63,cmicl,0.1,optimal,1.854534634766155,48.479572560381214,0,0,-1.520427439618544,1096.898,996.855101146614,997.18,1.0597111268437096,10.597111268437096
scaled,63,nominal,0.1,optimal,1.739761703619059,45.849339483446094,0,1,0.30675073437301137,1096.898,835.9138447418366,997.18,1.044127209927253,10.441272099272531
scaled,64,cmicl,0.1,optimal,3.746300067524034,48.47957256038113,0,0,-1.5204274396185582,1096.898,996.8551011466122,997.18,1.059711126843708,10.597111268437082
scaled,64,nominal,0.1,optimal,3.6660639504616426,45.20043216819365,0,0,-0.84372904391671,1010.7107405452084,928.0938967934759,997.18,1.0435331527914724,10.435331527914727
scaled,65,cmicl,0.1,optimal,2.7163024424115827,48.86142361955987,0,0,-1.1385763804398437,979.5862187998755,1146.859959307006,997.18,1.0744534001842239,11.301089705601413
scaled,65,nominal,0.1,optimal,2.673452766293126,43.02792499299132,0,0,-2.1754194191667438,1043.943709656025,986.750081091908,997.18,0.9444887117424614,10.0
scaled,66,cmicl,0.1,optimal,2.5589799741235457,50.50005827331609,1,1,0.5000582733163768,923.0467632922113,1230.7290177229484,997.18,1.1849843612501387,11.849843612501388
scaled,66,nominal,0.1,optimal,2.4992694924321035,45.86636386646073,0,0,-0.6284582092811917,874.7516656512852,1166.3355542017134,997.18,1.0654520818344917,10.65452081834492
scaled,67,cmicl,0.1,optimal,3.477229414474352,48.47957256038111,0,0,-1.5204274396185724,1096.898,996.8551011466108,997.18,1.059711126843708,10.597111268437082
scaled,67,nominal,0.1,optimal,3.3496285069202303,45.200432168193686,0,0,-0.8437290439167029,1010.7107405452085,928.0938967934761,997.18,1.0435331527914735,10.435331527914734
scaled,68,cmicl,0.1,optimal,3.254606000664124,48.479572560381214,0,0,-1.520427439618544,1096.898,996.855101146614,997.18,1.0597111268437096,10.597111268437096
scaled,68,nominal,0.1,optimal,3.1375496973632484,45.849339483446066,0,1,0.30675073437298295,1096.898,835.9138447418361,997.18,1.044127209927253,10.441272099272531
scaled,69,cmicl,0.1,optimal,2.33830149561249,48.479572560381214,0,0,-1.520427439618544,1096.898,996.855101146614,997.18,1.0597111268437096,10.597111268437096
scaled,69,nominal,0.1,optimal,2.2859372797043696,43.376063957673296,0,0,-1.6870631486719745,1096.898,928.9729505312224,997.18,0.9461133070962064,10.0
scaled,70,cmicl,0.1,optimal,3.064999009222378,50.59129184754108,1,1,0.5912918475413846,1010.5620105187877,1347.4160140250503,997.18,0.5,47.76528505065534
scaled,70,nominal,0.1,optimal,3.021315204652944,49.19392709937289,0,1,1.5189290284817005,968.8819608278685,1291.8426144371579,997.18,0.5,48.444098041393424
scaled,71,cmicl,0.1,optimal,3.836264357254782,48.479572560381214,0,0,-1.520427439618544,1096.898,996.855101146614,997.18,1.0597111268437096,10.597111268437096
scaled,71,nominal,0.1,optimal,3.722566138849978,45.849339483446066,0,1,0.30675073437298295,1096.898,835.9138447418361,997.18,1.044127209927253,10.441272099272531
scaled,72,cmicl,0.1,optimal,2.951405308324556,51.785907442585184,1,1,1.7859074425854757,1066.6677193314774,1097.0363559015059,997.18,0.7450298109718289,29.66594749044504
scaled,72,nominal,0.1,optimal,2.8462268908261454,47.44648935242371,0,1,2.9634330038391,1096.898,908.2092684682358,997.18,0.5,52.216074677067034
scaled,73,cmicl,0.1,optimal,1.567212951197125,48.85293273680631,0,0,-1.147067263193648,1096.898,1135.220319664527,997.18,0.5,44.609087265012654
scaled,73,nominal,0.1,optimal,1.4509070166772775,47.446489352423725,0,1,2.9634330038391283,1096.898,908.2092684682349,997.18,0.5,52.21607467706702
scaled,74,cmicl,0.1,optimal,2.1115372392954685,51.38692835341413,1,1,1.3869283534144188,1096.898,1021.1375104492706,997.18,0.9340172955751245,18.051365722357644
scaled,74,nominal,0.1,optimal,2.023453557502547,43.027924992991316,0,0,-2.175419419166751,1043.943709656025,986.7500810919082,997.18,0.9444887117424614,10.0
scaled,75,cmicl,0.1,optimal,2.1803175067541725,49.346921480104044,0,0,-0.653078519895665,932.7971502617006,1243.7295336822674,997.18,1.1046019026903273,11.046019026903274
scaled,75,nominal,0.1,optimal,2.11117218394911,43.62350660889487,0,0,-0.24218289966609774,914.7820811676866,1219.7094415569154,997.18,0.960788073695583,10.0
scaled,76,cmicl,0.1,optimal,3.1270598533751985,48.479572560381214,0,0,-1.520427439618544,1096.898,996.855101146614,997.18,1.0597111268437096,10.597111268437096
scaled,76,nominal,0.1,optimal,3.0932024108426077,44.68947487403267,0,0,-1.12538376678377,1096.898,879.2448944874553,997.18,0.9999999999999983,10.0
scaled,77,cmicl,0.1,optimal,3.1962503279276366,48.537593555163156,0,0,-1.4624064448365388,977.3485579570163,1148.1402349764642,997.18,1.0829183239831337,10.829183239831337
scaled,77,nominal,0.1,optimal,3.1005709459603774,43.62350660889487,0,0,-0.24218289966609774,914.7820811676866,1219.7094415569154,997.18,0.960788073695583,10.0
scaled,78,cmicl,0.1,optimal,4.299667982490294,48.479572560381214,0,0,-1.520427439618544,1096.898,996.855101146614,997.18,1.0597111268437096,10.597111268437096
scaled,78,nominal,0.1,optimal,4.170030666572645,45.20043216819364,0,0,-0.84372904391671,1010.7107405452085,928.093896793476,997.18,1.0435331527914724,10.435331527914727
scaled,79,cmicl,0.1,optimal,1.491287233572217,48.479572560381214,0,0,-1.520427439618544,1096.898,996.855101146614,997.18,1.0597111268437096,10.597111268437096
scaled,79,nominal,0.1,optimal,1.3714900386422684,45.84933948344607,0,1,0.30675073437299005,1096.898,835.9138447418359,997.18,1.0441272099272532,10.441272099272538
scaled,80,cmicl,0.1,optimal,1.411843402682168,51.78635915580985,1,1,1.786359155810132,1096.898,988.7745238213182,997.18,1.2293868639200165,12.29386863920017
scaled,80,nominal,0.1,optimal,1.268049434929107,45.849339483446094,0,1,0.30675073437301137,1096.898,835.9138447418366,997.18,1.044127209927253,10.441272099272531
scaled,81,cmicl,0.1,optimal,3.7535178247686583,49.346921480104044,0,0,-0.653078519895665,932.7971502617006,1243.7295336822674,997.18,1.1046019026903273,11.046019026903274
scaled,81,nominal,0.1,optimal,3.6721687818879913,45.86636386646073,0,0,-0.6284582092811917,874.7516656512852,1166.3355542017134,997.18,1.0654520818344917,10.65452081834492
scaled,82,cmicl,0.1,optimal,4.989225435459029,48.479572560381214,0,0,-1.520427439618544,1096.898,996.855101146614,997.18,1.0597111268437096,10.597111268437096
scaled,82,nominal,0.1,optimal,4.855669648318798,45.20043216819365,0,0,-0.84372904391671,1010.7107405452084,928.0938967934759,997.18,1.0435331527914724,10.435331527914727
scaled,83,cmicl,0.1,optimal,4.619167660770227,51.785907442585184,1,1,1.7859074425854757,1066.6677193314774,1097.0363559015059,997.18,0.7450298109718289,29.66594749044504
scaled,83,nominal,0.1,optimal,4.48944380307994,47.446489352423725,0,1,2.9634330038391283,1096.898,908.2092684682349,997.18,0.5,52.21607467706702
scaled,84,cmicl,0.1,optimal,3.1409947728118226,48.537593555163234,0,0,-1.4624064448364749,977.3485579570139,1148.1402349764694,997.18,1.082918323983135,10.829183239831352
scaled,84,nominal,0.1,optimal,3.090200006356803,45.86636386646074,0,0,-0.6284582092811846,874.7516656512851,1166.3355542017134,997.18,1.0654520818344915,10.654520818344913
scaled,85,cmicl,0.1,optimal,3.509792346096293,48.479572560381214,0,0,-1.520427439618544,1096.898,996.855101146614,997.18,1.0597111268437096,10.597111268437096
scaled,85,nominal,0.1,optimal,3.4045816933669273,45.849339483446094,0,1,0.30675073437301137,1096.898,835.9138447418366,997.18,1.044127209927253,10.441272099272531
scaled,86,cmicl,0.1,optimal,3.487404995241552,48.479572560381214,0,0,-1.520427439618544,1096.898,996.855101146614,997.18,1.0597111268437096,10.597111268437096
scaled,86,nominal,0.1,optimal,3.385910067719162,45.849339483446144,0,1,0.3067507343730327,1096.898,835.9138447418367,997.18,1.0441272099272534,10.441272099272538
scaled,87,cmicl,0.1,optimal,2.041291376463736,48.479572560381214,0,0,-1.520427439618544,1096.898,996.855101146614,997.18,1.0597111268437096,10.597111268437096
scaled,87,nominal,0.1,optimal,1.964573013716535,45.20043216819365,0,0,-0.84372904391671,1010.7107405452084,928.0938967934759,997.18,1.0435331527914724,10.435331527914727
scaled,88,cmicl,0.1,optimal,4.170470714194041,49.346921480104044,0,0,-0.653078519895665,932.7971502617006,1243.7295336822674,997.18,1.1046019026903273,11.046019026903274
scaled,88,nominal,0.1,optimal,4.083541137159211,43.62350660889487,0,0,-0.24218289966609774,914.7820811676866,1219.7094415569154,997.18,0.960788073695583,10.0
scaled,89,cmicl,0.1,optimal,2.8725894337557,48.537593555163156,0,0,-1.4624064448365388,977.3485579570163,1148.1402349764642,997.18,1.0829183239831337,10.829183239831337
scaled,89,nominal,0.1,optimal,2.7898927158511686,45.20043216819364,0,0,-0.84372904391671,1010.7107405452085,928.093896793476,997.18,1.0435331527914724,10.435331527914727
scaled,90,cmicl,0.1,optimal,3.7990778579216555,48.479572560381214,0,0,-1.520427439618544,1096.898,996.855101146614,997.18,1.0597111268437096,10.597111268437096
scaled,90,nominal,0.1,optimal,3.664866055608379,45.849339483446094,0,1,0.30675073437301137,1096.898,835.9138447418366,997.18,1.044127209927253,10.441272099272531
scaled,91,cmicl,0.1,optimal,2.798968029240743,48.479572560381214,0,0,-1.520427439618544,1096.898,996.855101146614,997.18,1.0597111268437096,10.597111268437096
scaled,91,nominal,0.1,optimal,2.6521832044635234,45.849339483446094,0,1,0.30675073437301137,1096.898,835.9138447418366,997.18,1.044127209927253,10.441272099272531
scaled,92,cmicl,0.1,optimal,1.98065052394128,49.346921480104044,0,0,-0.653078519895665,932.7971502617006,1243.7295336822674,997.18,1.1046019026903273,11.046019026903274
scaled,92,nominal,0.1,optimal,1.894022783744392,43.6235066088949,0,0,-0.24218289966607642,914.7820811676869,1219.7094415569159,997.18,0.9607880736955832,10.0
scaled,93,cmicl,0.1,optimal,1.5718943178690865,48.537593555163156,0,0,-1.4624064448365388,977.3485579570163,1148.1402349764642,997.18,1.0829183239831337,10.829183239831337
scaled,93,nominal,0.1,optimal,1.5000924043415178,43.6235066088949,0,0,-0.24218289966607642,914.7820811676869,1219.7094415569159,997.18,0.9607880736955832,10.0
scaled,94,cmicl,0.1,optimal,1.9683873596011314,48.69157946701306,0,0,-1.3084205329866379,1077.841356861296,1151.7507744290547,997.18,0.5,44.640826457376214
scaled,94,nominal,0.1,optimal,1.958735607464885,49.193927099372885,0,1,1.518929028481672,968.8819608278689,1291.8426144371585,997.18,0.5,48.44409804139344
scaled,95,cmicl,0.1,optimal,2.959702575678537,48.479572560381214,0,0,-1.520427439618544,1096.898,996.855101146614,997.18,1.0597111268437096,10.597111268437096
scaled,95,nominal,0.1,optimal,2.830292018621132,45.849339483446094,0,1,0.30675073437301137,1096.898,835.9138447418366,997.18,1.044127209927253,10.441272099272531
scaled,96,cmicl,0.1,optimal,2.7506772862565363,48.479572560381214,0,0,-1.520427439618544,1096.898,996.855101146614,997.18,1.0597111268437096,10.597111268437096
scaled,96,nominal,0.1,optimal,2.6574548447852937,45.849339483446066,0,1,0.30675073437298295,1096.898,835.9138447418361,997.18,1.044127209927253,10.441272099272531
scaled,97,cmicl,0.1,optimal,2.846918520894553,48.479572560381214,0,0,-1.520427439618544,1096.898,996.855101146614,997.18,1.0597111268437096,10.597111268437096
scaled,97,nominal,0.1,optimal,2.7470965303789114,45.20043216819366,0,0,-0.8437290439167313,1010.7107405452084,928.0938967934765,997.18,1.0435331527914726,10.435331527914727
scaled,98,cmicl,0.1,optimal,2.6986220706150212,48.479572560381214,0,0,-1.520427439618544,1096.898,996.855101146614,997.18,1.0597111268437096,10.597111268437096
scaled,98,nominal,0.1,optimal,2.6274512986942526,43.02792499299132,0,0,-2.1754194191667438,1043.943709656025,986.750081091908,997.18,0.9444887117424614,10.0
scaled,99,cmicl,0.1,optimal,4.139744115934128,48.479572560381214,0,0,-1.520427439618544,1096.898,996.855101146614,997.18,1.0597111268437096,10.597111268437096
scaled,99,nominal,0.1,optimal,4.04711718504823,45.849339483446094,0,1,0.30675073437301137,1096.898,835.9138447418366,997.18,1.044127209927253,10.441272099272531
