method,constraint_mode,outcome,rhs,strength,prescribed_mean,prescribed_sd,worst_case,low_quantile,given_mean,n_realizations
nominal,dlt_only,Any_DLT,0.6,0.0,0.9529126787191304,0.12472016428378782,0.6043956043956044,0.8926976249556894,0.8657041576983001,10.0
nominal,dlt_only,Blood,0.6,0.0,0.8875457875457876,0.26048309038959305,0.2087912087912088,0.6208791208791209,0.8763221412611966,10.0
nominal,dlt_only,Constitutional,0.6,0.0,0.9567899559415078,0.028244888676760588,0.9120879120879121,0.9146130465279402,0.8808517908425643,10.0
nominal,dlt_only,Infection,0.6,0.0,0.9243648824293984,0.21069589887173357,0.32967032967032966,0.8555476781283233,0.8786714398776094,10.0
nominal,dlt_only,Gastrointestinal,0.6,0.0,0.9989010989010989,0.0034750303957894156,0.989010989010989,0.9989010989010989,0.8721491870019203,10.0
nominal,dlt_only,Overall_Survival,0.6,0.0,11.836641840595297,0.4800818416790993,10.939095253099454,10.988849411907944,10.708289431709586,10.0
nominal,dlt_only,all_constraints,0.6,0.0,0.8476560790656956,0.2664436138123703,0.16483516483516483,0.5584190003544842,0.7192842019520141,10.0
nominal,all_constraints,Any_DLT,0.6,0.0,0.9656369052947789,0.08774874737235862,0.7204301075268817,0.9241706703271563,0.8762882653390054,10.0
nominal,all_constraints,Blood,0.6,0.0,0.89170255492769,0.23801301685097992,0.2903225806451613,0.6130748112560055,0.8779694322935978,10.0
nominal,all_constraints,Constitutional,0.6,0.0,0.9629201304685433,0.02403312569390721,0.9239130434782609,0.9349444958371879,0.8897662240533712,10.0
nominal,all_constraints,Infection,0.6,0.0,0.9333637507539361,0.1788064634788002,0.43010752688172044,0.866415008007321,0.8953282374798478,10.0
nominal,all_constraints,Gastrointestinal,0.6,0.0,0.9988095238095237,0.0037646162621052,0.9880952380952381,0.9988095238095238,0.8794909302372134,10.0
nominal,all_constraints,Overall_Survival,0.6,0.0,11.788184230177272,0.448189503780939,10.932065922424671,11.003273479301477,10.73627053744285,10.0
nominal,all_constraints,all_constraints,0.6,0.0,0.8491656997014152,0.24961630312404282,0.23655913978494625,0.5311027224891329,0.7301192968794017,10.0
robust_reg,dlt_only,Any_DLT,0.6,0.0,0.9529126787191304,0.12472016428378782,0.6043956043956044,0.8926976249556894,0.8657041576983001,10.0
robust_reg,dlt_only,Blood,0.6,0.0,0.8875457875457876,0.26048309038959305,0.2087912087912088,0.6208791208791209,0.8763221412611966,10.0
robust_reg,dlt_only,Constitutional,0.6,0.0,0.9567899559415078,0.028244888676760588,0.9120879120879121,0.9146130465279402,0.8808517908425643,10.0
robust_reg,dlt_only,Infection,0.6,0.0,0.9243648824293984,0.21069589887173357,0.32967032967032966,0.8555476781283233,0.8786714398776094,10.0
robust_reg,dlt_only,Gastrointestinal,0.6,0.0,0.9989010989010989,0.0034750303957894156,0.989010989010989,0.9989010989010989,0.8721491870019203,10.0
robust_reg,dlt_only,Overall_Survival,0.6,0.0,11.836641840595297,0.4800818416790993,10.939095253099454,10.988849411907944,10.708289431709586,10.0
robust_reg,dlt_only,all_constraints,0.6,0.0,0.8476560790656956,0.2664436138123703,0.16483516483516483,0.5584190003544842,0.7192842019520141,10.0
robust_reg,all_constraints,Any_DLT,0.6,0.0,0.9656369052947789,0.08774874737235862,0.7204301075268817,0.9241706703271563,0.8762882653390054,10.0
robust_reg,all_constraints,Blood,0.6,0.0,0.89170255492769,0.23801301685097992,0.2903225806451613,0.6130748112560055,0.8779694322935978,10.0
robust_reg,all_constraints,Constitutional,0.6,0.0,0.9629201304685433,0.02403312569390721,0.9239130434782609,0.9349444958371879,0.8897662240533712,10.0
robust_reg,all_constraints,Infection,0.6,0.0,0.9333637507539361,0.1788064634788002,0.43010752688172044,0.866415008007321,0.8953282374798478,10.0
robust_reg,all_constraints,Gastrointestinal,0.6,0.0,0.9988095238095237,0.0037646162621052,0.9880952380952381,0.9988095238095238,0.8794909302372134,10.0
robust_reg,all_constraints,Overall_Survival,0.6,0.0,11.788184230177272,0.448189503780939,10.932065922424671,11.003273479301477,10.73627053744285,10.0
robust_reg,all_constraints,all_constraints,0.6,0.0,0.8491656997014152,0.24961630312404282,0.23655913978494625,0.5311027224891329,0.7301192968794017,10.0
cp,dlt_only,Any_DLT,0.6,0.0,0.9582890228051518,0.12452900726235479,0.6043956043956044,0.941084721729883,0.8657041576983001,10.0
cp,dlt_only,Blood,0.6,0.0,0.8778683681909488,0.2711790062922706,0.2087912087912088,0.5337823466855726,0.8763221412611966,10.0
cp,dlt_only,Constitutional,0.6,0.0,0.9503108503696606,0.02997941375965732,0.9120879120879121,0.9137894363700815,0.8808517908425643,10.0
cp,dlt_only,Infection,0.6,0.0,0.92221434479499,0.21092331825678495,0.32967032967032966,0.8361928394186459,0.8786714398776094,10.0
cp,dlt_only,Gastrointestinal,0.6,0.0,0.9989010989010989,0.0034750303957894156,0.989010989010989,0.9989010989010989,0.8721491870019203,10.0
cp,dlt_only,Overall_Survival,0.6,0.0,11.837540352024382,0.47886672361309235,10.939095253099454,10.988849411907944,10.708289431709586,10.0
cp,dlt_only,all_constraints,0.6,0.0,0.8358006294078267,0.27480656850808655,0.16483516483516483,0.48099964551577457,0.7192842019520141,10.0
cp,all_constraints,Any_DLT,0.6,0.0,0.9635092457203107,0.08851064998433862,0.7204301075268817,0.9050217341569434,0.8762882653390054,10.0
cp,all_constraints,Blood,0.6,0.0,0.89170255492769,0.23801301685097992,0.2903225806451613,0.6130748112560055,0.8779694322935978,10.0
cp,all_constraints,Constitutional,0.6,0.0,0.9704748853944511,0.018121155923381562,0.9361702127659575,0.9527079303675049,0.8897662240533712,10.0
cp,all_constraints,Infection,0.6,0.0,0.9322999209667021,0.178960144553783,0.43010752688172044,0.8568405399222147,0.8953282374798478,10.0
cp,all_constraints,Gastrointestinal,0.6,0.0,0.9988095238095237,0.0037646162621052,0.9880952380952381,0.9988095238095238,0.8794909302372134,10.0
cp,all_constraints,Overall_Survival,0.6,0.0,11.790432935410136,0.44998787060502576,10.93268275076196,11.001477090496616,10.73627053744285,10.0
cp,all_constraints,all_constraints,0.6,0.0,0.8577842844145571,0.25157054061763173,0.23655913978494625,0.5406771905742394,0.7301192968794017,10.0
nominal,dlt_only,Any_DLT,0.6,0.25,0.9529126787191304,0.12472016428378782,0.6043956043956044,0.8926976249556894,0.8657041576983001,10.0
nominal,dlt_only,Blood,0.6,0.25,0.8875457875457876,0.26048309038959305,0.2087912087912088,0.6208791208791209,0.8763221412611966,10.0
nominal,dlt_only,Constitutional,0.6,0.25,0.9567899559415078,0.028244888676760588,0.9120879120879121,0.9146130465279402,0.8808517908425643,10.0
nominal,dlt_only,Infection,0.6,0.25,0.9243648824293984,0.21069589887173357,0.32967032967032966,0.8555476781283233,0.8786714398776094,10.0
nominal,dlt_only,Gastrointestinal,0.6,0.25,0.9989010989010989,0.0034750303957894156,0.989010989010989,0.9989010989010989,0.8721491870019203,10.0
nominal,dlt_only,Overall_Survival,0.6,0.25,11.836641840595297,0.4800818416790993,10.939095253099454,10.988849411907944,10.708289431709586,10.0
nominal,dlt_only,all_constraints,0.6,0.25,0.8476560790656956,0.2664436138123703,0.16483516483516483,0.5584190003544842,0.7192842019520141,10.0
nominal,all_constraints,Any_DLT,0.6,0.25,0.9656369052947789,0.08774874737235862,0.7204301075268817,0.9241706703271563,0.8762882653390054,10.0
nominal,all_constraints,Blood,0.6,0.25,0.89170255492769,0.23801301685097992,0.2903225806451613,0.6130748112560055,0.8779694322935978,10.0
nominal,all_constraints,Constitutional,0.6,0.25,0.9629201304685433,0.02403312569390721,0.9239130434782609,0.9349444958371879,0.8897662240533712,10.0
nominal,all_constraints,Infection,0.6,0.25,0.9333637507539361,0.1788064634788002,0.43010752688172044,0.866415008007321,0.8953282374798478,10.0
nominal,all_constraints,Gastrointestinal,0.6,0.25,0.9988095238095237,0.0037646162621052,0.9880952380952381,0.9988095238095238,0.8794909302372134,10.0
nominal,all_constraints,Overall_Survival,0.6,0.25,11.788184230177272,0.448189503780939,10.932065922424671,11.003273479301477,10.73627053744285,10.0
nominal,all_constraints,all_constraints,0.6,0.25,0.8491656997014152,0.24961630312404282,0.23655913978494625,0.5311027224891329,0.7301192968794017,10.0
robust_reg,dlt_only,Any_DLT,0.6,0.25,0.935661113080468,0.14297191074688745,0.5824175824175825,0.7550159517901454,0.8657041576983001,10.0
robust_reg,dlt_only,Blood,0.6,0.25,0.8682382133995038,0.28261334012672246,0.23076923076923078,0.4295285359801489,0.8763221412611966,10.0
robust_reg,dlt_only,Constitutional,0.6,0.25,0.9504340768144679,0.025819199949766208,0.9166666666666666,0.9224358974358975,0.8808517908425643,10.0
robust_reg,dlt_only,Infection,0.6,0.25,0.9028595060853124,0.22251727244761677,0.32967032967032966,0.6619992910315491,0.8786714398776094,10.0
robust_reg,dlt_only,Gastrointestinal,0.6,0.25,0.9912087912087912,0.027800243166315432,0.9120879120879121,0.9912087912087912,0.8721491870019203,10.0
robust_reg,dlt_only,Overall_Survival,0.6,0.25,11.848779519074572,0.49140649049721635,10.949442510544396,10.995410794260474,10.708289431709586,10.0
robust_reg,dlt_only,all_constraints,0.6,0.25,0.8121025159022619,0.3127625637092343,0.0989010989010989,0.33892236795462605,0.7192842019520141,10.0
robust_reg,all_constraints,Any_DLT,0.6,0.25,0.9580597993861548,0.08439674084844527,0.7634408602150538,0.8327270647449097,0.8762882653390054,10.0
robust_reg,all_constraints,Blood,0.6,0.25,0.8820471965592226,0.24378517566503513,0.3333333333333333,0.5024822695035461,0.8779694322935978,10.0
robust_reg,all_constraints,Constitutional,0.6,0.25,0.9682874601015993,0.019623831044502636,0.925531914893617,0.9516441005802708,0.8897662240533712,10.0
robust_reg,all_constraints,Infection,0.6,0.25,0.9204984817287494,0.1733133129579317,0.4731182795698925,0.7366735300846489,0.8953282374798478,10.0
robust_reg,all_constraints,Gastrointestinal,0.6,0.25,0.9957103637611532,0.010380250036225813,0.967741935483871,0.9871997254632807,0.8794909302372134,10.0
robust_reg,all_constraints,Overall_Survival,0.6,0.25,11.811034077212671,0.4518314943958439,10.954260377826103,11.033080923620119,10.73627053744285,10.0
robust_reg,all_constraints,all_constraints,0.6,0.25,0.8362911675486984,0.2743536329074385,0.24731182795698925,0.3789865019446351,0.7301192968794017,10.0
cp,dlt_only,Any_DLT,0.6,0.25,0.9582890228051518,0.12452900726235479,0.6043956043956044,0.941084721729883,0.8657041576983001,10.0
cp,dlt_only,Blood,0.6,0.25,0.8778683681909488,0.2711790062922706,0.2087912087912088,0.5337823466855726,0.8763221412611966,10.0
cp,dlt_only,Constitutional,0.6,0.25,0.9503108503696606,0.02997941375965732,0.9120879120879121,0.9137894363700815,0.8808517908425643,10.0
cp,dlt_only,Infection,0.6,0.25,0.92221434479499,0.21092331825678495,0.32967032967032966,0.8361928394186459,0.8786714398776094,10.0
cp,dlt_only,Gastrointestinal,0.6,0.25,0.9989010989010989,0.0034750303957894156,0.989010989010989,0.9989010989010989,0.8721491870019203,10.0
cp,dlt_only,Overall_Survival,0.6,0.25,11.837540352024382,0.47886672361309235,10.939095253099454,10.988849411907944,10.708289431709586,10.0
cp,dlt_only,all_constraints,0.6,0.25,0.8358006294078267,0.27480656850808655,0.16483516483516483,0.48099964551577457,0.7192842019520141,10.0
cp,all_constraints,Any_DLT,0.6,0.25,0.9635092457203107,0.08851064998433862,0.7204301075268817,0.9050217341569434,0.8762882653390054,10.0
cp,all_constraints,Blood,0.6,0.25,0.89170255492769,0.23801301685097992,0.2903225806451613,0.6130748112560055,0.8779694322935978,10.0
cp,all_constraints,Constitutional,0.6,0.25,0.9704748853944511,0.018121155923381562,0.9361702127659575,0.9527079303675049,0.8897662240533712,10.0
cp,all_constraints,Infection,0.6,0.25,0.9322999209667021,0.178960144553783,0.43010752688172044,0.8568405399222147,0.8953282374798478,10.0
cp,all_constraints,Gastrointestinal,0.6,0.25,0.9988095238095237,0.0037646162621052,0.9880952380952381,0.9988095238095238,0.8794909302372134,10.0
cp,all_constraints,Overall_Survival,0.6,0.25,11.790432935410136,0.44998787060502576,10.93268275076196,11.001477090496616,10.73627053744285,10.0
cp,all_constraints,all_constraints,0.6,0.25,0.8577842844145571,0.25157054061763173,0.23655913978494625,0.5406771905742394,0.7301192968794017,10.0
nominal,dlt_only,Any_DLT,0.6,0.5,0.9529126787191304,0.12472016428378782,0.6043956043956044,0.8926976249556894,0.8657041576983001,10.0
nominal,dlt_only,Blood,0.6,0.5,0.8875457875457876,0.26048309038959305,0.2087912087912088,0.6208791208791209,0.8763221412611966,10.0
nominal,dlt_only,Constitutional,0.6,0.5,0.9567899559415078,0.028244888676760588,0.9120879120879121,0.9146130465279402,0.8808517908425643,10.0
nominal,dlt_only,Infection,0.6,0.5,0.9243648824293984,0.21069589887173357,0.32967032967032966,0.8555476781283233,0.8786714398776094,10.0
nominal,dlt_only,Gastrointestinal,0.6,0.5,0.9989010989010989,0.0034750303957894156,0.989010989010989,0.9989010989010989,0.8721491870019203,10.0
nominal,dlt_only,Overall_Survival,0.6,0.5,11.836641840595297,0.4800818416790993,10.939095253099454,10.988849411907944,10.708289431709586,10.0
nominal,dlt_only,all_constraints,0.6,0.5,0.8476560790656956,0.2664436138123703,0.16483516483516483,0.5584190003544842,0.7192842019520141,10.0
nominal,all_constraints,Any_DLT,0.6,0.5,0.9656369052947789,0.08774874737235862,0.7204301075268817,0.9241706703271563,0.8762882653390054,10.0
nominal,all_constraints,Blood,0.6,0.5,0.89170255492769,0.23801301685097992,0.2903225806451613,0.6130748112560055,0.8779694322935978,10.0
nominal,all_constraints,Constitutional,0.6,0.5,0.9629201304685433,0.02403312569390721,0.9239130434782609,0.9349444958371879,0.8897662240533712,10.0
nominal,all_constraints,Infection,0.6,0.5,0.9333637507539361,0.1788064634788002,0.43010752688172044,0.866415008007321,0.8953282374798478,10.0
nominal,all_constraints,Gastrointestinal,0.6,0.5,0.9988095238095237,0.0037646162621052,0.9880952380952381,0.9988095238095238,0.8794909302372134,10.0
nominal,all_constraints,Overall_Survival,0.6,0.5,11.788184230177272,0.448189503780939,10.932065922424671,11.003273479301477,10.73627053744285,10.0
nominal,all_constraints,all_constraints,0.6,0.5,0.8491656997014152,0.24961630312404282,0.23655913978494625,0.5311027224891329,0.7301192968794017,10.0
robust_reg,dlt_only,Any_DLT,0.6,0.5,0.9443814250265863,0.1238424519332762,0.6373626373626373,0.7895427153491669,0.8657041576983001,10.0
robust_reg,dlt_only,Blood,0.6,0.5,0.8671699518286164,0.2787814426152139,0.27472527472527475,0.39521446295639845,0.8763221412611966,10.0
robust_reg,dlt_only,Constitutional,0.6,0.5,0.9546905689695233,0.02919688226927326,0.9042553191489362,0.9113046527940145,0.8808517908425643,10.0
robust_reg,dlt_only,Infection,0.6,0.5,0.9148056244830439,0.20057629063127724,0.38461538461538464,0.7255583126550869,0.8786714398776094,10.0
robust_reg,dlt_only,Gastrointestinal,0.6,0.5,0.9978021978021978,0.006950060791578866,0.978021978021978,0.9978021978021978,0.8721491870019203,10.0
robust_reg,dlt_only,Overall_Survival,0.6,0.5,11.860707028416346,0.5131295107654694,10.929440784195869,10.988276248215811,10.708289431709586,10.0
robust_reg,dlt_only,all_constraints,0.6,0.5,0.8219314176432302,0.2897129417451868,0.21978021978021978,0.32197802197802194,0.7192842019520141,10.0
robust_reg,all_constraints,Any_DLT,0.6,0.5,0.967863865144236,0.065246572907845,0.8297872340425532,0.8571722717913521,0.8762882653390054,10.0
robust_reg,all_constraints,Blood,0.6,0.5,0.8940439050768495,0.21910046131257804,0.425531914893617,0.5264241592312972,0.8779694322935978,10.0
robust_reg,all_constraints,Constitutional,0.6,0.5,0.9704400709554113,0.01895435324706758,0.9456521739130435,0.9466928769657724,0.8897662240533712,10.0
robust_reg,all_constraints,Infection,0.6,0.5,0.9378592895322477,0.12937585510842894,0.6559139784946236,0.7262296957218028,0.8953282374798478,10.0
robust_reg,all_constraints,Gastrointestinal,0.6,0.5,0.9946114626622521,0.010457061006595495,0.967741935483871,0.9868840836582773,0.8794909302372134,10.0
robust_reg,all_constraints,Overall_Survival,0.6,0.5,11.778994164486392,0.444820476074195,10.979402057920801,10.992569661721214,10.73627053744285,10.0
robust_reg,all_constraints,all_constraints,0.6,0.5,0.8526056090320682,0.24023636590812464,0.3404255319148936,0.4501715854495539,0.7301192968794017,10.0
cp,dlt_only,Any_DLT,0.6,0.5,0.9582890228051518,0.12452900726235479,0.6043956043956044,0.941084721729883,0.8657041576983001,10.0
cp,dlt_only,Blood,0.6,0.5,0.8778683681909488,0.2711790062922706,0.2087912087912088,0.5337823466855726,0.8763221412611966,10.0
cp,dlt_only,Constitutional,0.6,0.5,0.9503108503696606,0.02997941375965732,0.9120879120879121,0.9137894363700815,0.8808517908425643,10.0
cp,dlt_only,Infection,0.6,0.5,0.92221434479499,0.21092331825678495,0.32967032967032966,0.8361928394186459,0.8786714398776094,10.0
cp,dlt_only,Gastrointestinal,0.6,0.5,0.9989010989010989,0.0034750303957894156,0.989010989010989,0.9989010989010989,0.8721491870019203,10.0
cp,dlt_only,Overall_Survival,0.6,0.5,11.837540352024382,0.47886672361309235,10.939095253099454,10.988849411907944,10.708289431709586,10.0
cp,dlt_only,all_constraints,0.6,0.5,0.8358006294078267,0.27480656850808655,0.16483516483516483,0.48099964551577457,0.7192842019520141,10.0
cp,all_constraints,Any_DLT,0.6,0.5,0.9635092457203107,0.08851064998433862,0.7204301075268817,0.9050217341569434,0.8762882653390054,10.0
cp,all_constraints,Blood,0.6,0.5,0.89170255492769,0.23801301685097992,0.2903225806451613,0.6130748112560055,0.8779694322935978,10.0
cp,all_constraints,Constitutional,0.6,0.5,0.9704748853944511,0.018121155923381562,0.9361702127659575,0.9527079303675049,0.8897662240533712,10.0
cp,all_constraints,Infection,0.6,0.5,0.9322999209667021,0.178960144553783,0.43010752688172044,0.8568405399222147,0.8953282374798478,10.0
cp,all_constraints,Gastrointestinal,0.6,0.5,0.9988095238095237,0.0037646162621052,0.9880952380952381,0.9988095238095238,0.8794909302372134,10.0
cp,all_constraints,Overall_Survival,0.6,0.5,11.790432935410136,0.44998787060502576,10.93268275076196,11.001477090496616,10.73627053744285,10.0
cp,all_constraints,all_constraints,0.6,0.5,0.8577842844145571,0.25157054061763173,0.23655913978494625,0.5406771905742394,0.7301192968794017,10.0
nominal,dlt_only,Any_DLT,0.6,0.75,0.9529126787191304,0.12472016428378782,0.6043956043956044,0.8926976249556894,0.8657041576983001,10.0
nominal,dlt_only,Blood,0.6,0.75,0.8875457875457876,0.26048309038959305,0.2087912087912088,0.6208791208791209,0.8763221412611966,10.0
nominal,dlt_only,Constitutional,0.6,0.75,0.9567899559415078,0.028244888676760588,0.9120879120879121,0.9146130465279402,0.8808517908425643,10.0
nominal,dlt_only,Infection,0.6,0.75,0.9243648824293984,0.21069589887173357,0.32967032967032966,0.8555476781283233,0.8786714398776094,10.0
nominal,dlt_only,Gastrointestinal,0.6,0.75,0.9989010989010989,0.0034750303957894156,0.989010989010989,0.9989010989010989,0.8721491870019203,10.0
nominal,dlt_only,Overall_Survival,0.6,0.75,11.836641840595297,0.4800818416790993,10.939095253099454,10.988849411907944,10.708289431709586,10.0
nominal,dlt_only,all_constraints,0.6,0.75,0.8476560790656956,0.2664436138123703,0.16483516483516483,0.5584190003544842,0.7192842019520141,10.0
nominal,all_constraints,Any_DLT,0.6,0.75,0.9656369052947789,0.08774874737235862,0.7204301075268817,0.9241706703271563,0.8762882653390054,10.0
nominal,all_constraints,Blood,0.6,0.75,0.89170255492769,0.23801301685097992,0.2903225806451613,0.6130748112560055,0.8779694322935978,10.0
nominal,all_constraints,Constitutional,0.6,0.75,0.9629201304685433,0.02403312569390721,0.9239130434782609,0.9349444958371879,0.8897662240533712,10.0
nominal,all_constraints,Infection,0.6,0.75,0.9333637507539361,0.1788064634788002,0.43010752688172044,0.866415008007321,0.8953282374798478,10.0
nominal,all_constraints,Gastrointestinal,0.6,0.75,0.9988095238095237,0.0037646162621052,0.9880952380952381,0.9988095238095238,0.8794909302372134,10.0
nominal,all_constraints,Overall_Survival,0.6,0.75,11.788184230177272,0.448189503780939,10.932065922424671,11.003273479301477,10.73627053744285,10.0
nominal,all_constraints,all_constraints,0.6,0.75,0.8491656997014152,0.24961630312404282,0.23655913978494625,0.5311027224891329,0.7301192968794017,10.0
robust_reg,dlt_only,Any_DLT,0.6,0.75,0.9695616211745245,0.06417447517108754,0.8461538461538461,0.8491315136476427,0.8657041576983001,10.0
robust_reg,dlt_only,Blood,0.6,0.75,0.8981684981684982,0.2271574246124029,0.3333333333333333,0.6168498168498169,0.8763221412611966,10.0
robust_reg,dlt_only,Constitutional,0.6,0.75,0.9568166542509422,0.024992953505197354,0.9042553191489362,0.9310848725742343,0.8808517908425643,10.0
robust_reg,dlt_only,Infection,0.6,0.75,0.9510220961833866,0.10420799026746713,0.7252747252747253,0.7789790854306983,0.8786714398776094,10.0
robust_reg,dlt_only,Gastrointestinal,0.6,0.75,0.9956043956043956,0.013900121583157697,0.9560439560439561,0.9956043956043956,0.8721491870019203,10.0
robust_reg,dlt_only,Overall_Survival,0.6,0.75,11.823619022786488,0.48170163469991334,10.951568725840671,10.976419516853616,10.708289431709586,10.0
robust_reg,dlt_only,all_constraints,0.6,0.75,0.8495615437700252,0.24046397948600234,0.26881720430107525,0.5312773248257119,0.7192842019520141,10.0
robust_reg,all_constraints,Any_DLT,0.6,0.75,0.9764577220994518,0.04742313238326184,0.8723404255319149,0.9001372683596431,0.8762882653390054,10.0
robust_reg,all_constraints,Blood,0.6,0.75,0.9198574018066126,0.17192168466203217,0.5106382978723404,0.6800960878517502,0.8779694322935978,10.0
robust_reg,all_constraints,Constitutional,0.6,0.75,0.9651112993360472,0.023496134028385823,0.925531914893617,0.9436401480111009,0.8897662240533712,10.0
robust_reg,all_constraints,Infection,0.6,0.75,0.9603858849912384,0.08087989307032403,0.7956989247311828,0.8168039350263098,0.8953282374798478,10.0
robust_reg,all_constraints,Gastrointestinal,0.6,0.75,0.9913742171806689,0.023669276648076006,0.9247311827956989,0.98258300838946,0.8794909302372134,10.0
robust_reg,all_constraints,Overall_Survival,0.6,0.75,11.753632443327463,0.4112715866722603,10.956872641451257,11.083387728625809,10.73627053744285,10.0
robust_reg,all_constraints,all_constraints,0.6,0.75,0.8742274520005869,0.2046721512852366,0.425531914893617,0.5457789979409745,0.7301192968794017,10.0
cp,dlt_only,Any_DLT,0.6,0.75,0.9923549568710859,0.017941179913466353,0.945054945054945,0.9751506557958171,0.8657041576983001,10.0
cp,dlt_only,Blood,0.6,0.75,0.9383079286305092,0.14213942089411333,0.5698924731182796,0.7888573791799598,0.8763221412611966,10.0
cp,dlt_only,Constitutional,0.6,0.75,0.9525086525674628,0.027575126058284768,0.9139784946236559,0.9148021047815145,0.8808517908425643,10.0
cp,dlt_only,Infection,0.6,0.75,0.9837528063334515,0.036425382381964765,0.8924731182795699,0.9397967623774075,0.8786714398776094,10.0
cp,dlt_only,Gastrointestinal,0.6,0.75,0.9989010989010989,0.0034750303957894156,0.989010989010989,0.9989010989010989,0.8721491870019203,10.0
cp,dlt_only,Overall_Survival,0.6,0.75,11.687963478470246,0.5385066219591154,10.8323244934559,10.928418177135098,10.708289431709586,10.0
cp,dlt_only,all_constraints,0.6,0.75,0.9006357942429914,0.14451012840303182,0.5161290322580645,0.7834810350939383,0.7192842019520141,10.0
cp,all_constraints,Any_DLT,0.6,0.75,0.9635092457203107,0.08851064998433862,0.7204301075268817,0.9050217341569434,0.8762882653390054,10.0
cp,all_constraints,Blood,0.6,0.75,0.89170255492769,0.23801301685097992,0.2903225806451613,0.6130748112560055,0.8779694322935978,10.0
cp,all_constraints,Constitutional,0.6,0.75,0.9704748853944511,0.018121155923381562,0.9361702127659575,0.9527079303675049,0.8897662240533712,10.0
cp,all_constraints,Infection,0.6,0.75,0.9322999209667021,0.178960144553783,0.43010752688172044,0.8568405399222147,0.8953282374798478,10.0
cp,all_constraints,Gastrointestinal,0.6,0.75,0.9988095238095237,0.0037646162621052,0.9880952380952381,0.9988095238095238,0.8794909302372134,10.0
cp,all_constraints,Overall_Survival,0.6,0.75,11.790432935410136,0.44998787060502576,10.93268275076196,11.001477090496616,10.73627053744285,10.0
cp,all_constraints,all_constraints,0.6,0.75,0.8577842844145571,0.25157054061763173,0.23655913978494625,0.5406771905742394,0.7301192968794017,10.0
nominal,dlt_only,Any_DLT,0.6,1.0,0.9529126787191304,0.12472016428378782,0.6043956043956044,0.8926976249556894,0.8657041576983001,10.0
nominal,dlt_only,Blood,0.6,1.0,0.8875457875457876,0.26048309038959305,0.2087912087912088,0.6208791208791209,0.8763221412611966,10.0
nominal,dlt_only,Constitutional,0.6,1.0,0.9567899559415078,0.028244888676760588,0.9120879120879121,0.9146130465279402,0.8808517908425643,10.0
nominal,dlt_only,Infection,0.6,1.0,0.9243648824293984,0.21069589887173357,0.32967032967032966,0.8555476781283233,0.8786714398776094,10.0
nominal,dlt_only,Gastrointestinal,0.6,1.0,0.9989010989010989,0.0034750303957894156,0.989010989010989,0.9989010989010989,0.8721491870019203,10.0
nominal,dlt_only,Overall_Survival,0.6,1.0,11.836641840595297,0.4800818416790993,10.939095253099454,10.988849411907944,10.708289431709586,10.0
nominal,dlt_only,all_constraints,0.6,1.0,0.8476560790656956,0.2664436138123703,0.16483516483516483,0.5584190003544842,0.7192842019520141,10.0
nominal,all_constraints,Any_DLT,0.6,1.0,0.9656369052947789,0.08774874737235862,0.7204301075268817,0.9241706703271563,0.8762882653390054,10.0
nominal,all_constraints,Blood,0.6,1.0,0.89170255492769,0.23801301685097992,0.2903225806451613,0.6130748112560055,0.8779694322935978,10.0
nominal,all_constraints,Constitutional,0.6,1.0,0.9629201304685433,0.02403312569390721,0.9239130434782609,0.9349444958371879,0.8897662240533712,10.0
nominal,all_constraints,Infection,0.6,1.0,0.9333637507539361,0.1788064634788002,0.43010752688172044,0.866415008007321,0.8953282374798478,10.0
nominal,all_constraints,Gastrointestinal,0.6,1.0,0.9988095238095237,0.0037646162621052,0.9880952380952381,0.9988095238095238,0.8794909302372134,10.0
nominal,all_constraints,Overall_Survival,0.6,1.0,11.788184230177272,0.448189503780939,10.932065922424671,11.003273479301477,10.73627053744285,10.0
nominal,all_constraints,all_constraints,0.6,1.0,0.8491656997014152,0.24961630312404282,0.23655913978494625,0.5311027224891329,0.7301192968794017,10.0
robust_reg,dlt_only,Any_DLT,0.6,1.0,0.941084721729883,0.13302201815774242,0.6043956043956044,0.7862460120524636,0.8657041576983001,10.0
robust_reg,dlt_only,Blood,0.6,1.0,0.8628855015951791,0.2910855298929338,0.24175824175824176,0.3725629209500177,0.8763221412611966,10.0
robust_reg,dlt_only,Constitutional,0.6,1.0,0.9471403118400235,0.027629844803970342,0.9042553191489362,0.9113046527940145,0.8808517908425643,10.0
robust_reg,dlt_only,Infection,0.6,1.0,0.9050336760014179,0.21828403488070433,0.34065934065934067,0.672775611485289,0.8786714398776094,10.0
robust_reg,dlt_only,Gastrointestinal,0.6,1.0,0.9945054945054945,0.017375151978947147,0.945054945054945,0.9945054945054945,0.8721491870019203,10.0
robust_reg,dlt_only,Overall_Survival,0.6,1.0,11.858034947834696,0.48878731252103164,10.997058696589816,11.000646446105861,10.708289431709586,10.0
robust_reg,dlt_only,all_constraints,0.6,1.0,0.8111010822524068,0.3006593801312196,0.15384615384615385,0.3250620347394541,0.7192842019520141,10.0
robust_reg,all_constraints,Any_DLT,0.6,1.0,0.9622719336820558,0.061637153977766354,0.8279569892473119,0.8679020819034546,0.8762882653390054,10.0
robust_reg,all_constraints,Blood,0.6,1.0,0.9067530017763239,0.1797006310255067,0.5591397849462365,0.5729352550903684,0.8779694322935978,10.0
robust_reg,all_constraints,Constitutional,0.6,1.0,0.9671068870363738,0.021391376367188443,0.925531914893617,0.9436401480111009,0.8897662240533712,10.0
robust_reg,all_constraints,Infection,0.6,1.0,0.9517244742824118,0.10168003117565573,0.6989247311827957,0.8262754518416838,0.8953282374798478,10.0
robust_reg,all_constraints,Gastrointestinal,0.6,1.0,0.9945313266006472,0.009176262896459893,0.978494623655914,0.9787005261953786,0.8794909302372134,10.0
robust_reg,all_constraints,Overall_Survival,0.6,1.0,11.771374300746256,0.4054291106331893,10.937072458688805,11.129712843618144,10.73627053744285,10.0
robust_reg,all_constraints,all_constraints,0.6,1.0,0.8705259332647668,0.19479635867616096,0.4787234042553192,0.5220658888126287,0.7301192968794017,10.0
cp,dlt_only,Any_DLT,0.6,1.0,0.9934872922776148,0.0136240137761768,0.956989247311828,0.9854716520039101,0.8657041576983001,10.0
cp,dlt_only,Blood,0.6,1.0,0.9806658084416998,0.04382032117280644,0.8602150537634409,0.9576004527447651,0.8763221412611966,10.0
cp,dlt_only,Constitutional,0.6,1.0,0.9631895771630761,0.007071755293324514,0.9560439560439561,0.9568947181850408,0.8808517908425643,10.0
cp,dlt_only,Infection,0.6,1.0,0.9978494623655912,0.00453373141242778,0.989247311827957,0.989247311827957,0.8786714398776094,10.0
cp,dlt_only,Gastrointestinal,0.6,1.0,0.9966894664475309,0.005332443392693479,0.9886363636363636,0.9889735264735265,0.8721491870019203,10.0
cp,dlt_only,Overall_Survival,0.6,1.0,11.470730102711283,0.46234126822795224,10.674281171938933,10.874878473712263,10.708289431709586,10.0
cp,dlt_only,all_constraints,0.6,1.0,0.9416812156886705,0.05008561867206947,0.8064516129032258,0.9114143920595534,0.7192842019520141,10.0
cp,all_constraints,Any_DLT,0.6,1.0,0.9698922244437149,0.08776601728940063,0.7204301075268817,0.962260402057036,0.8762882653390054,10.0
cp,all_constraints,Blood,0.6,1.0,0.8969388114109712,0.22965169963165094,0.2903225806451613,0.6800960878517502,0.8779694322935978,10.0
cp,all_constraints,Constitutional,0.6,1.0,0.9779177895200096,0.012758339920868349,0.9651162790697675,0.9658298097251586,0.8897662240533712,10.0
cp,all_constraints,Infection,0.6,1.0,0.9387091800702256,0.1789280017085618,0.43010752688172044,0.9234455352968677,0.8953282374798478,10.0
cp,all_constraints,Gastrointestinal,0.6,1.0,0.9988095238095237,0.0037646162621052,0.9880952380952381,0.9988095238095238,0.8794909302372134,10.0
cp,all_constraints,Overall_Survival,0.6,1.0,11.311858811524575,0.6210101379448753,10.521440390265305,10.6367744966924,10.73627053744285,10.0
cp,all_constraints,all_constraints,0.6,1.0,0.8682664052454137,0.23872596525485987,0.23655913978494625,0.6459963395104096,0.7301192968794017,10.0
